Match_ID,Start Date,Country,Country_ID,Opposition,Ground,Toss,Score,Wickets,Overs,RPO,Target,Inns,Margin,Result
ODI # 3315,03-Jan-13,Pakistan,7,India,Kolkata,lost,250,10,48.3,5.15,,1,85 runs,won
ODI # 3315,03-Jan-13,India,6,Pakistan,Kolkata,won,165,10,48,3.43,251,2,85 runs,lost
ODI # 3316,06-Jan-13,Pakistan,7,India,Delhi,lost,157,10,48.5,3.21,168,2,10 runs,lost
ODI # 3316,06-Jan-13,India,6,Pakistan,Delhi,won,167,10,43.4,3.82,,1,10 runs,won
ODI # 3317,11-Jan-13,SriLanka,8,Australia,Melbourne,lost,198,10,40,4.95,306,2,107 runs,lost
ODI # 3317,11-Jan-13,Australia,2,Sri Lanka,Melbourne,won,305,5,50,6.1,,1,107 runs,won
ODI # 3318,11-Jan-13,India,6,England,Rajkot,lost,316,9,50,6.32,326,2,9 runs,lost
ODI # 3318,11-Jan-13,England,1,India,Rajkot,won,325,4,50,6.5,,1,9 runs,won
ODI # 3319,13-Jan-13,SriLanka,8,Australia,Adelaide,won,172,2,40.1,4.28,171,2,8 wickets,won
ODI # 3319,13-Jan-13,Australia,2,Sri Lanka,Adelaide,lost,170,10,46.5,3.62,,1,8 wickets,lost
ODI # 3320,15-Jan-13,India,6,England,Kochi,won,285,6,50,5.7,,1,127 runs,won
ODI # 3320,15-Jan-13,England,1,India,Kochi,lost,158,10,36,4.38,286,2,127 runs,lost
ODI # 3321,18-Jan-13,SriLanka,8,Australia,Brisbane,lost,75,6,20,3.75,75,2,4 wickets,won
ODI # 3321,18-Jan-13,Australia,2,Sri Lanka,Brisbane,won,74,10,26.4,2.77,,1,4 wickets,lost
ODI # 3322,19-Jan-13,India,6,England,Ranchi,won,157,3,28.1,5.57,156,2,7 wickets,won
ODI # 3322,19-Jan-13,England,1,India,Ranchi,lost,155,10,42.2,3.66,,1,7 wickets,lost
ODI # 3323,19-Jan-13,SouthAfrica,3,New Zealand,Paarl,lost,208,10,46.2,4.48,,1,1 wickets,lost
ODI # 3323,19-Jan-13,Newzealad,5,South Africa,Paarl,won,209,9,45.4,4.57,209,2,1 wickets,won
ODI # 3325,22-Jan-13,SouthAfrica,3,New Zealand,Kimberley,won,252,10,49.1,5.12,280,2,27 runs,lost
ODI # 3325,22-Jan-13,Newzealad,5,South Africa,Kimberley,lost,279,8,50,5.58,,1,27 runs,won
ODI # 3326,23-Jan-13,SriLanka,8,Australia,Hobart,won,215,10,48.3,4.43,248,2,32 runs,lost
ODI # 3326,23-Jan-13,Australia,2,Sri Lanka,Hobart,lost,247,5,50,4.94,,1,32 runs,won
ODI # 3327,23-Jan-13,India,6,England,Mohali,won,258,5,47.3,5.43,258,2,5 wickets,won
ODI # 3327,23-Jan-13,England,1,India,Mohali,lost,257,7,50,5.14,,1,5 wickets,lost
ODI # 3328,25-Jan-13,SouthAfrica,3,New Zealand,Potchefstroom,lost,264,9,50,5.28,261,2,1 wickets,won
ODI # 3328,25-Jan-13,Newzealad,5,South Africa,Potchefstroom,won,260,9,50,5.2,,1,1 wickets,lost
ODI # 3329,27-Jan-13,India,6,England,Dharamsala,lost,226,10,49.4,4.55,,1,7 wickets,lost
ODI # 3329,27-Jan-13,England,1,India,Dharamsala,won,227,3,47.2,4.79,227,2,7 wickets,won
ODI # 3330,01-Feb-13,WestIndies,4,Australia,Perth,won,70,10,23.5,2.93,,1,9 wickets,lost
ODI # 3330,01-Feb-13,Australia,2,West Indies,Perth,lost,71,1,9.2,7.6,71,2,9 wickets,won
ODI # 3331,03-Feb-13,WestIndies,4,Australia,Perth,won,212,10,38.1,5.55,267,2,54 runs,lost
ODI # 3331,03-Feb-13,Australia,2,West Indies,Perth,lost,266,7,50,5.32,,1,54 runs,won
ODI # 3332,06-Feb-13,WestIndies,4,Australia,Canberra,lost,290,10,47.3,6.1,330,2,39 runs,lost
ODI # 3332,06-Feb-13,Australia,2,West Indies,Canberra,won,329,7,50,6.58,,1,39 runs,won
ODI # 3333,08-Feb-13,WestIndies,4,Australia,Sydney,won,220,10,49.4,4.42,,1,5 wickets,lost
ODI # 3333,08-Feb-13,Australia,2,West Indies,Sydney,lost,221,5,44.5,4.92,221,2,5 wickets,won
ODI # 3334,10-Feb-13,WestIndies,4,Australia,Melbourne,won,257,10,49.5,5.15,275,2,17 runs,lost
ODI # 3334,10-Feb-13,Australia,2,West Indies,Melbourne,lost,274,5,50,5.48,,1,17 runs,won
ODI # 3335,17-Feb-13,Newzealad,5,England,Hamilton,won,259,7,48.5,5.3,259,2,3 wickets,won
ODI # 3335,17-Feb-13,England,1,New Zealand,Hamilton,lost,258,10,49.3,5.21,,1,3 wickets,lost
ODI # 3336,20-Feb-13,Newzealad,5,England,Napier,lost,269,10,48.5,5.5,,1,8 wickets,lost
ODI # 3336,20-Feb-13,England,1,New Zealand,Napier,won,270,2,47.4,5.66,270,2,8 wickets,won
ODI # 3338,23-Feb-13,Newzealad,5,England,Auckland,lost,185,10,43.5,4.22,,1,5 wickets,lost
ODI # 3338,23-Feb-13,England,1,New Zealand,Auckland,won,186,5,37.3,4.96,186,2,5 wickets,won
ODI # 3343,10-Mar-13,SouthAfrica,3,Pakistan,Bloemfontein,lost,315,4,50,6.3,,1,125 runs,won
ODI # 3343,10-Mar-13,Pakistan,7,South Africa,Bloemfontein,won,190,10,36.2,5.22,316,2,125 runs,lost
ODI # 3346,15-Mar-13,SouthAfrica,3,Pakistan,Centurion,won,191,10,43.2,4.4,,1,6 wickets,lost
ODI # 3346,15-Mar-13,Pakistan,7,South Africa,Centurion,lost,192,4,39.2,4.88,192,2,6 wickets,won
ODI # 3347,17-Mar-13,SouthAfrica,3,Pakistan,Johannesburg,lost,343,5,50,6.86,,1,34 runs,won
ODI # 3347,17-Mar-13,Pakistan,7,South Africa,Johannesburg,won,309,10,48.1,6.41,344,2,34 runs,lost
ODI # 3348,21-Mar-13,SouthAfrica,3,Pakistan,Durban,won,234,9,50,4.68,,1,3 wickets,lost
ODI # 3348,21-Mar-13,Pakistan,7,South Africa,Durban,lost,236,7,48.4,4.84,235,2,3 wickets,won
ODI # 3349,23-Mar-13,SriLanka,8,Bangladesh,Hambantota,won,238,2,35.4,6.67,238,2,8 wickets,won
ODI # 3349,23-Mar-13,Bangladesh,25,Sri Lanka,Hambantota,lost,259,8,50,5.18,,1,8 wickets,lost
ODI # 3350,24-Mar-13,SouthAfrica,3,Pakistan,Benoni,lost,208,4,44,4.72,206,2,6 wickets,won
ODI # 3350,24-Mar-13,Pakistan,7,South Africa,Benoni,won,205,10,49.1,4.16,,1,6 wickets,lost
ODI # 3352,28-Mar-13,SriLanka,8,Bangladesh,Pallekele,won,302,9,50,6.04,,1,3 wickets,lost
ODI # 3352,28-Mar-13,Bangladesh,25,Sri Lanka,Pallekele,lost,184,7,26,7.07,183,2,3 wickets,won
ODI # 3360,31-May-13,Newzealad,5,England,Lord's,won,231,5,46.5,4.93,228,2,5 wickets,won
ODI # 3360,31-May-13,England,1,New Zealand,Lord's,lost,227,9,50,4.54,,1,5 wickets,lost
ODI # 3361,02-Jun-13,Newzealad,5,England,Southampton,won,359,3,50,7.18,,1,86 runs,won
ODI # 3361,02-Jun-13,England,1,New Zealand,Southampton,lost,273,10,44.1,6.18,360,2,86 runs,lost
ODI # 3362,05-Jun-13,Newzealad,5,England,Nottingham,won,253,10,46.3,5.44,288,2,34 runs,lost
ODI # 3362,05-Jun-13,England,1,New Zealand,Nottingham,lost,287,6,50,5.74,,1,34 runs,won
ODI # 3363,06-Jun-13,SouthAfrica,3,India,Cardiff,won,305,10,50,6.1,332,2,26 runs,lost
ODI # 3363,06-Jun-13,India,6,South Africa,Cardiff,lost,331,7,50,6.62,,1,26 runs,won
ODI # 3364,07-Jun-13,WestIndies,4,Pakistan,The Oval,won,172,8,40.4,4.22,171,2,2 wickets,won
ODI # 3364,07-Jun-13,Pakistan,7,West Indies,The Oval,lost,170,10,48,3.54,,1,2 wickets,lost
ODI # 3365,08-Jun-13,England,1,Australia,Birmingham,won,269,6,50,5.38,,1,48 runs,won
ODI # 3365,08-Jun-13,Australia,2,England,Birmingham,lost,221,9,50,4.42,270,2,48 runs,lost
ODI # 3366,09-Jun-13,SriLanka,8,New Zealand,Cardiff,won,138,10,37.5,3.64,,1,1 wickets,lost
ODI # 3366,09-Jun-13,Newzealad,5,Sri Lanka,Cardiff,lost,139,9,36.3,3.8,139,2,1 wickets,won
ODI # 3367,10-Jun-13,SouthAfrica,3,Pakistan,Birmingham,won,234,9,50,4.68,,1,67 runs,won
ODI # 3367,10-Jun-13,Pakistan,7,South Africa,Birmingham,lost,167,10,45,3.71,235,2,67 runs,lost
ODI # 3368,11-Jun-13,WestIndies,4,India,The Oval,lost,233,9,50,4.66,,1,8 wickets,lost
ODI # 3368,11-Jun-13,India,6,West Indies,The Oval,won,236,2,39.1,6.02,234,2,8 wickets,won
ODI # 3370,13-Jun-13,SriLanka,8,England,The Oval,won,297,3,47.1,6.29,294,2,7 wickets,won
ODI # 3370,13-Jun-13,England,1,Sri Lanka,The Oval,lost,293,7,50,5.86,,1,7 wickets,lost
ODI # 3372,15-Jun-13,Pakistan,7,India,Birmingham,lost,165,10,39.4,4.15,,1,8 wickets,lost
ODI # 3372,15-Jun-13,India,6,Pakistan,Birmingham,won,102,2,19.1,5.32,102,2,8 wickets,won
ODI # 3373,16-Jun-13,Newzealad,5,England,Cardiff,won,159,8,24,6.62,170,2,10 runs,lost
ODI # 3373,16-Jun-13,England,1,New Zealand,Cardiff,lost,169,10,23.3,7.19,,1,10 runs,won
ODI # 3374,17-Jun-13,SriLanka,8,Australia,The Oval,lost,253,8,50,5.06,,1,20 runs,won
ODI # 3374,17-Jun-13,Australia,2,Sri Lanka,The Oval,won,233,10,42.3,5.48,254,2,20 runs,lost
ODI # 3375,19-Jun-13,SouthAfrica,3,England,The Oval,lost,175,10,38.4,4.52,,1,7 wickets,lost
ODI # 3375,19-Jun-13,England,1,South Africa,The Oval,won,179,3,37.3,4.77,176,2,7 wickets,won
ODI # 3376,20-Jun-13,SriLanka,8,India,Cardiff,lost,181,8,50,3.62,,1,8 wickets,lost
ODI # 3376,20-Jun-13,India,6,Sri Lanka,Cardiff,won,182,2,35,5.2,182,2,8 wickets,won
ODI # 3377,23-Jun-13,India,6,England,Birmingham,lost,129,7,20,6.45,,1,5 runs,won
ODI # 3377,23-Jun-13,England,1,India,Birmingham,won,124,8,20,6.2,130,2,5 runs,lost
ODI # 3378,28-Jun-13,WestIndies,4,Sri Lanka,Kingston,won,209,4,37.5,5.52,209,2,6 wickets,won
ODI # 3378,28-Jun-13,SriLanka,8,West Indies,Kingston,lost,208,10,48.3,4.28,,1,6 wickets,lost
ODI # 3380,30-Jun-13,WestIndies,4,India,Kingston,won,230,9,47.4,4.82,230,2,1 wickets,won
ODI # 3380,30-Jun-13,India,6,West Indies,Kingston,lost,229,7,50,4.58,,1,1 wickets,lost
ODI # 3382,02-Jul-13,SriLanka,8,India,Kingston,lost,348,1,50,6.96,,1,161 runs,won
ODI # 3382,02-Jul-13,India,6,Sri Lanka,Kingston,won,187,10,44.5,4.17,349,2,161 runs,lost
ODI # 3383,05-Jul-13,WestIndies,4,India,Port of Spain,won,171,10,34,5.02,274,2,102 runs,lost
ODI # 3383,05-Jul-13,India,6,West Indies,Port of Spain,lost,311,7,50,6.22,,1,102 runs,won
ODI # 3385,07-Jul-13,WestIndies,4,Sri Lanka,Port of Spain,won,190,9,41,4.63,230,2,39 runs,lost
ODI # 3385,07-Jul-13,SriLanka,8,West Indies,Port of Spain,lost,219,8,41,5.34,,1,39 runs,won
ODI # 3387,09-Jul-13,SriLanka,8,India,Port of Spain,won,96,10,24.4,3.89,178,2,81 runs,lost
ODI # 3387,09-Jul-13,India,6,Sri Lanka,Port of Spain,lost,119,3,29,4.1,,1,81 runs,won
ODI # 3388,11-Jul-13,SriLanka,8,India,Port of Spain,lost,201,10,48.5,4.11,,1,1 wickets,lost
ODI # 3388,11-Jul-13,India,6,Sri Lanka,Port of Spain,won,203,9,49.4,4.08,202,2,1 wickets,won
ODI # 3389,14-Jul-13,WestIndies,4,Pakistan,Providence,won,98,10,41,2.39,225,2,126 runs,lost
ODI # 3389,14-Jul-13,Pakistan,7,West Indies,Providence,lost,224,9,50,4.48,,1,126 runs,won
ODI # 3390,16-Jul-13,WestIndies,4,Pakistan,Providence,lost,232,8,50,4.64,,1,37 runs,won
ODI # 3390,16-Jul-13,Pakistan,7,West Indies,Providence,won,195,10,47.5,4.07,233,2,37 runs,lost
ODI # 3392,20-Jul-13,SriLanka,8,South Africa,Colombo (RPS),lost,320,5,50,6.4,,1,180 runs,won
ODI # 3392,20-Jul-13,SouthAfrica,3,Sri Lanka,Colombo (RPS),won,140,10,31.5,4.39,321,2,180 runs,lost
ODI # 3393,21-Jul-13,WestIndies,4,Pakistan,Gros Islet,lost,261,7,49,5.32,,1,6 wickets,lost
ODI # 3393,21-Jul-13,Pakistan,7,West Indies,Gros Islet,won,189,4,30,6.3,189,2,6 wickets,won
ODI # 3394,23-Jul-13,SriLanka,8,South Africa,Colombo (RPS),won,223,9,49.2,4.52,,1,17 runs,won
ODI # 3394,23-Jul-13,SouthAfrica,3,Sri Lanka,Colombo (RPS),lost,104,5,21,4.95,122,2,17 runs,lost
ODI # 3396,24-Jul-13,WestIndies,4,Pakistan,Gros Islet,lost,242,7,50,4.84,,1,4 wickets,lost
ODI # 3396,24-Jul-13,Pakistan,7,West Indies,Gros Islet,won,243,6,49.5,4.87,243,2,4 wickets,won
ODI # 3398,26-Jul-13,SriLanka,8,South Africa,Pallekele,lost,167,10,43.2,3.85,224,2,56 runs,lost
ODI # 3398,26-Jul-13,SouthAfrica,3,Sri Lanka,Pallekele,won,223,7,50,4.46,,1,56 runs,won
ODI # 3400,28-Jul-13,SriLanka,8,South Africa,Pallekele,lost,239,2,44,5.43,239,2,8 wickets,won
ODI # 3400,28-Jul-13,SouthAfrica,3,Sri Lanka,Pallekele,won,238,10,48.4,4.89,,1,8 wickets,lost
ODI # 3401,31-Jul-13,SriLanka,8,South Africa,Colombo (RPS),won,307,4,50,6.14,,1,128 runs,won
ODI # 3401,31-Jul-13,SouthAfrica,3,Sri Lanka,Colombo (RPS),lost,179,10,43.5,4.08,308,2,128 runs,lost
ODI # 3412,08-Sep-13,England,1,Australia,Manchester,won,227,10,44.2,5.12,316,2,88 runs,lost
ODI # 3412,08-Sep-13,Australia,2,England,Manchester,lost,315,7,50,6.3,,1,88 runs,won
ODI # 3415,14-Sep-13,England,1,Australia,Cardiff,won,231,7,49.3,4.66,228,2,3 wickets,won
ODI # 3415,14-Sep-13,Australia,2,England,Cardiff,lost,227,10,48.2,4.69,,1,3 wickets,lost
ODI # 3416,16-Sep-13,England,1,Australia,Southampton,lost,249,10,48,5.18,299,2,49 runs,lost
ODI # 3416,16-Sep-13,Australia,2,England,Southampton,won,298,10,49.1,6.06,,1,49 runs,won
ODI # 3419,13-Oct-13,India,6,Australia,Pune,lost,232,10,49.4,4.67,305,2,72 runs,lost
ODI # 3419,13-Oct-13,Australia,2,India,Pune,won,304,8,50,6.08,,1,72 runs,won
ODI # 3420,16-Oct-13,India,6,Australia,Jaipur,lost,362,1,43.3,8.32,360,2,9 wickets,won
ODI # 3420,16-Oct-13,Australia,2,India,Jaipur,won,359,5,50,7.18,,1,9 wickets,lost
ODI # 3421,19-Oct-13,India,6,Australia,Mohali,lost,303,9,50,6.06,,1,4 wickets,lost
ODI # 3421,19-Oct-13,Australia,2,India,Mohali,won,304,6,49.3,6.14,304,2,4 wickets,won
ODI # 3423,29-Oct-13,Newzealad,5,Bangladesh,Dhaka,won,162,10,29.5,5.43,206,2,43 runs,lost
ODI # 3423,29-Oct-13,Bangladesh,25,New Zealand,Dhaka,lost,265,10,49.5,5.31,,1,43 runs,won
ODI # 3424,30-Oct-13,India,6,Australia,Nagpur,won,351,4,49.3,7.09,351,2,6 wickets,won
ODI # 3424,30-Oct-13,Australia,2,India,Nagpur,lost,350,6,50,7,,1,6 wickets,lost
ODI # 3425,30-Oct-13,SouthAfrica,3,Pakistan,Sharjah,won,183,10,49.5,3.67,,1,1 runs,won
ODI # 3425,30-Oct-13,Pakistan,7,South Africa,Sharjah,lost,182,10,46.3,3.91,184,2,1 runs,lost
ODI # 3426,31-Oct-13,Newzealad,5,Bangladesh,Dhaka,lost,207,10,46.4,4.43,248,2,40 runs,lost
ODI # 3426,31-Oct-13,Bangladesh,25,New Zealand,Dhaka,won,247,10,49,5.04,,1,40 runs,won
ODI # 3427,01-Nov-13,SouthAfrica,3,Pakistan,Dubai (DSC),lost,143,10,40.4,3.51,210,2,66 runs,lost
ODI # 3427,01-Nov-13,Pakistan,7,South Africa,Dubai (DSC),won,209,10,49.4,4.2,,1,66 runs,won
ODI # 3428,02-Nov-13,India,6,Australia,Bengaluru,lost,383,6,50,7.66,,1,57 runs,won
ODI # 3428,02-Nov-13,Australia,2,India,Bengaluru,won,326,10,45.1,7.21,384,2,57 runs,lost
ODI # 3429,03-Nov-13,Newzealad,5,Bangladesh,Fatullah,lost,307,5,50,6.14,,1,4 wickets,lost
ODI # 3429,03-Nov-13,Bangladesh,25,New Zealand,Fatullah,won,309,6,49.2,6.26,308,2,4 wickets,won
ODI # 3430,06-Nov-13,SouthAfrica,3,Pakistan,Abu Dhabi,won,259,8,50,5.18,,1,68 runs,won
ODI # 3430,06-Nov-13,Pakistan,7,South Africa,Abu Dhabi,lost,191,10,44.3,4.29,260,2,68 runs,lost
ODI # 3431,08-Nov-13,SouthAfrica,3,Pakistan,Abu Dhabi,won,266,5,50,5.32,,1,28 runs,won
ODI # 3431,08-Nov-13,Pakistan,7,South Africa,Abu Dhabi,lost,238,10,49.2,4.82,267,2,28 runs,lost
ODI # 3433,11-Nov-13,SouthAfrica,3,Pakistan,Sharjah,won,268,7,50,5.36,,1,117 runs,won
ODI # 3433,11-Nov-13,Pakistan,7,South Africa,Sharjah,lost,151,10,35.3,4.25,269,2,117 runs,lost
ODI # 3434,12-Nov-13,SriLanka,8,New Zealand,Hambantota,won,138,1,23,6,,1,4 wickets,lost
ODI # 3434,12-Nov-13,Newzealad,5,Sri Lanka,Hambantota,lost,203,6,23,8.82,198,2,4 wickets,won
ODI # 3435,16-Nov-13,SriLanka,8,New Zealand,Dambulla,lost,211,8,33,6.39,,1,36 runs,won
ODI # 3435,16-Nov-13,Newzealad,5,Sri Lanka,Dambulla,won,126,6,25,5.04,163,2,36 runs,lost
ODI # 3436,21-Nov-13,WestIndies,4,India,Kochi,won,211,10,48.5,4.32,,1,6 wickets,lost
ODI # 3436,21-Nov-13,India,6,West Indies,Kochi,lost,212,4,35.2,6,212,2,6 wickets,won
ODI # 3437,24-Nov-13,WestIndies,4,India,Visakhapatnam,won,289,8,49.3,5.83,289,2,2 wickets,won
ODI # 3437,24-Nov-13,India,6,West Indies,Visakhapatnam,lost,288,7,50,5.76,,1,2 wickets,lost
ODI # 3438,24-Nov-13,SouthAfrica,3,Pakistan,Cape Town,lost,195,10,48.1,4.04,219,2,23 runs,lost
ODI # 3438,24-Nov-13,Pakistan,7,South Africa,Cape Town,won,218,9,50,4.36,,1,23 runs,won
ODI # 3439,27-Nov-13,WestIndies,4,India,Kanpur,lost,263,5,50,5.26,,1,5 wickets,lost
ODI # 3439,27-Nov-13,India,6,West Indies,Kanpur,won,266,5,46.1,5.76,264,2,5 wickets,won
ODI # 3440,27-Nov-13,SouthAfrica,3,Pakistan,Port Elizabeth,won,261,6,45,5.8,263,2,1 runs,lost
ODI # 3440,27-Nov-13,Pakistan,7,South Africa,Port Elizabeth,lost,262,10,45,5.82,,1,1 runs,won
ODI # 3441,30-Nov-13,SouthAfrica,3,Pakistan,Centurion,won,181,6,38.4,4.68,180,2,4 wickets,won
ODI # 3441,30-Nov-13,Pakistan,7,South Africa,Centurion,lost,179,10,46.5,3.82,,1,4 wickets,lost
ODI # 3442,05-Dec-13,SouthAfrica,3,India,Johannesburg,lost,358,4,50,7.16,,1,141 runs,won
ODI # 3442,05-Dec-13,India,6,South Africa,Johannesburg,won,217,10,41,5.29,359,2,141 runs,lost
ODI # 3443,08-Dec-13,SouthAfrica,3,India,Durban,lost,280,6,49,5.71,,1,134 runs,won
ODI # 3443,08-Dec-13,India,6,South Africa,Durban,won,146,10,35.1,4.15,281,2,134 runs,lost
ODI # 3445,18-Dec-13,SriLanka,8,Pakistan,Sharjah,lost,311,10,49.4,6.26,323,2,11 runs,lost
ODI # 3445,18-Dec-13,Pakistan,7,Sri Lanka,Sharjah,won,322,5,50,6.44,,1,11 runs,won
ODI # 3446,20-Dec-13,SriLanka,8,Pakistan,Dubai (DSC),won,287,8,49.4,5.77,285,2,2 wickets,won
ODI # 3446,20-Dec-13,Pakistan,7,Sri Lanka,Dubai (DSC),lost,284,4,50,5.68,,1,2 wickets,lost
ODI # 3447,22-Dec-13,SriLanka,8,Pakistan,Sharjah,won,213,10,44.4,4.76,327,2,113 runs,lost
ODI # 3447,22-Dec-13,Pakistan,7,Sri Lanka,Sharjah,lost,326,5,50,6.52,,1,113 runs,won
ODI # 3448,25-Dec-13,SriLanka,8,Pakistan,Abu Dhabi,won,225,10,48.5,4.6,,1,8 wickets,lost
ODI # 3448,25-Dec-13,Pakistan,7,Sri Lanka,Abu Dhabi,lost,226,2,41.1,5.48,226,2,8 wickets,won
ODI # 3449,26-Dec-13,WestIndies,4,New Zealand,Auckland,won,157,8,27.3,5.7,157,2,2 wickets,won
ODI # 3449,26-Dec-13,Newzealad,5,West Indies,Auckland,lost,156,10,42.1,3.69,,1,2 wickets,lost
ODI # 3450,27-Dec-13,SriLanka,8,Pakistan,Abu Dhabi,lost,235,8,49.4,4.73,233,2,2 wickets,won
ODI # 3450,27-Dec-13,Pakistan,7,Sri Lanka,Abu Dhabi,won,232,10,49.3,4.68,,1,2 wickets,lost
ODI # 3451,01-Jan-14,WestIndies,4,New Zealand,Queenstown,won,124,5,21,5.9,284,2,159 runs,lost
ODI # 3451,01-Jan-14,Newzealad,5,West Indies,Queenstown,lost,283,4,21,13.47,,1,159 runs,won
ODI # 3452,04-Jan-14,WestIndies,4,New Zealand,Nelson,lost,134,5,33.4,3.98,193,2,58 runs,lost
ODI # 3452,04-Jan-14,Newzealad,5,West Indies,Nelson,won,285,6,50,5.7,,1,58 runs,won
ODI # 3453,08-Jan-14,WestIndies,4,New Zealand,Hamilton,lost,363,4,50,7.26,,1,203 runs,won
ODI # 3453,08-Jan-14,Newzealad,5,West Indies,Hamilton,won,160,10,29.5,5.36,364,2,203 runs,lost
ODI # 3454,12-Jan-14,England,1,Australia,Melbourne,won,269,7,50,5.38,,1,6 wickets,lost
ODI # 3454,12-Jan-14,Australia,2,England,Melbourne,lost,270,4,45.4,5.91,270,2,6 wickets,won
ODI # 3455,17-Jan-14,England,1,Australia,Brisbane,won,300,8,50,6,,1,1 wickets,lost
ODI # 3455,17-Jan-14,Australia,2,England,Brisbane,lost,301,9,49.3,6.08,301,2,1 wickets,won
ODI # 3456,19-Jan-14,Newzealad,5,India,Napier,lost,292,7,50,5.84,,1,24 runs,won
ODI # 3456,19-Jan-14,India,6,New Zealand,Napier,won,268,10,48.4,5.5,293,2,24 runs,lost
ODI # 3457,19-Jan-14,England,1,Australia,Sydney,won,243,9,50,4.86,,1,7 wickets,lost
ODI # 3457,19-Jan-14,Australia,2,England,Sydney,lost,244,3,40,6.1,244,2,7 wickets,won
ODI # 3458,22-Jan-14,Newzealad,5,India,Hamilton,lost,271,7,42,6.45,,1,15 runs,won
ODI # 3458,22-Jan-14,India,6,New Zealand,Hamilton,won,277,9,41.3,6.67,293,2,15 runs,lost
ODI # 3461,24-Jan-14,England,1,Australia,Perth,lost,316,8,50,6.32,,1,57 runs,won
ODI # 3461,24-Jan-14,Australia,2,England,Perth,won,259,10,47.4,5.43,317,2,57 runs,lost
ODI # 3463,26-Jan-14,England,1,Australia,Adelaide,lost,212,10,49.4,4.26,218,2,5 runs,lost
ODI # 3463,26-Jan-14,Australia,2,England,Adelaide,won,217,9,50,4.34,,1,5 runs,won
ODI # 3465,28-Jan-14,Newzealad,5,India,Hamilton,lost,280,3,48.1,5.81,279,2,7 wickets,won
ODI # 3465,28-Jan-14,India,6,New Zealand,Hamilton,won,278,5,50,5.56,,1,7 wickets,lost
ODI # 3467,31-Jan-14,Newzealad,5,India,Wellington,lost,303,5,50,6.06,,1,87 runs,won
ODI # 3467,31-Jan-14,India,6,New Zealand,Wellington,won,216,10,49.4,4.34,304,2,87 runs,lost
ODI # 3469,17-Feb-14,SriLanka,8,Bangladesh,Dhaka,lost,180,10,40,4.5,,1,13 runs,won
ODI # 3469,17-Feb-14,Bangladesh,25,Sri Lanka,Dhaka,won,167,10,39.2,4.24,181,2,13 runs,lost
ODI # 3470,20-Feb-14,SriLanka,8,Bangladesh,Dhaka,won,289,6,50,5.78,,1,61 runs,won
ODI # 3470,20-Feb-14,Bangladesh,25,Sri Lanka,Dhaka,lost,228,10,43,5.3,290,2,61 runs,lost
ODI # 3471,22-Feb-14,SriLanka,8,Bangladesh,Dhaka,won,246,4,47.3,5.17,241,2,6 wickets,won
ODI # 3471,22-Feb-14,Bangladesh,25,Sri Lanka,Dhaka,lost,240,8,50,4.8,,1,6 wickets,lost
ODI # 3473,25-Feb-14,SriLanka,8,Pakistan,Fatullah,won,296,6,50,5.92,,1,12 runs,won
ODI # 3473,25-Feb-14,Pakistan,7,Sri Lanka,Fatullah,lost,284,10,48.5,5.81,297,2,12 runs,lost
ODI # 3474,26-Feb-14,India,6,Bangladesh,Fatullah,won,280,4,49,5.71,280,2,6 wickets,won
ODI # 3474,26-Feb-14,Bangladesh,25,India,Fatullah,lost,279,7,50,5.58,,1,6 wickets,lost
ODI # 3475,27-Feb-14,Pakistan,7,Afghanistan,Fatullah,lost,248,8,50,4.96,,1,72 runs,won
ODI # 3475,27-Feb-14,Afghanistan,40,Pakistan,Fatullah,won,176,10,47.2,3.71,249,2,72 runs,lost
ODI # 3476,28-Feb-14,SriLanka,8,India,Fatullah,won,265,8,49.2,5.37,265,2,2 wickets,won
ODI # 3476,28-Feb-14,India,6,Sri Lanka,Fatullah,lost,264,9,50,5.28,,1,2 wickets,lost
ODI # 3477,28-Feb-14,WestIndies,4,England,North Sound,lost,269,6,50,5.38,,1,15 runs,won
ODI # 3477,28-Feb-14,England,1,West Indies,North Sound,won,254,6,50,5.08,270,2,15 runs,lost
ODI # 3478,01-Mar-14,Bangladesh,25,Afghanistan,Fatullah,won,222,10,47.5,4.64,255,2,32 runs,lost
ODI # 3478,01-Mar-14,Afghanistan,40,Bangladesh,Fatullah,lost,254,6,50,5.08,,1,32 runs,won
ODI # 3479,02-Mar-14,Pakistan,7,India,Dhaka,won,249,9,49.4,5.01,246,2,1 wickets,won
ODI # 3479,02-Mar-14,India,6,Pakistan,Dhaka,lost,245,8,50,4.9,,1,1 wickets,lost
ODI # 3480,02-Mar-14,WestIndies,4,England,North Sound,lost,159,10,44.2,3.58,,1,3 wickets,lost
ODI # 3480,02-Mar-14,England,1,West Indies,North Sound,won,163,7,44.5,3.63,160,2,3 wickets,won
ODI # 3481,03-Mar-14,SriLanka,8,Afghanistan,Dhaka,won,253,6,50,5.06,,1,129 runs,won
ODI # 3481,03-Mar-14,Afghanistan,40,Sri Lanka,Dhaka,lost,124,10,38.4,3.2,254,2,129 runs,lost
ODI # 3482,04-Mar-14,Pakistan,7,Bangladesh,Dhaka,lost,329,7,49.5,6.6,327,2,3 wickets,won
ODI # 3482,04-Mar-14,Bangladesh,25,Pakistan,Dhaka,won,326,3,50,6.52,,1,3 wickets,lost
ODI # 3483,05-Mar-14,India,6,Afghanistan,Dhaka,won,160,2,32.2,4.94,160,2,8 wickets,won
ODI # 3483,05-Mar-14,Afghanistan,40,India,Dhaka,lost,159,10,45.2,3.5,,1,8 wickets,lost
ODI # 3484,05-Mar-14,WestIndies,4,England,North Sound,won,278,10,47.4,5.83,304,2,25 runs,lost
ODI # 3484,05-Mar-14,England,1,West Indies,North Sound,lost,303,6,50,6.06,,1,25 runs,won
ODI # 3485,06-Mar-14,SriLanka,8,Bangladesh,Dhaka,lost,208,7,49,4.24,205,2,3 wickets,won
ODI # 3485,06-Mar-14,Bangladesh,25,Sri Lanka,Dhaka,won,204,9,50,4.08,,1,3 wickets,lost
ODI # 3486,08-Mar-14,SriLanka,8,Pakistan,Dhaka,lost,261,5,46.2,5.63,261,2,5 wickets,won
ODI # 3486,08-Mar-14,Pakistan,7,Sri Lanka,Dhaka,won,260,5,50,5.2,,1,5 wickets,lost
ODI # 3492,22-May-14,SriLanka,8,England,The Oval,won,144,10,27.5,5.17,226,2,81 runs,lost
ODI # 3492,22-May-14,England,1,Sri Lanka,The Oval,lost,247,6,39,6.33,,1,81 runs,won
ODI # 3493,25-May-14,SriLanka,8,England,Chester-le-Street,lost,256,8,50,5.12,,1,157 runs,won
ODI # 3493,25-May-14,England,1,Sri Lanka,Chester-le-Street,won,99,10,26.1,3.78,257,2,157 runs,lost
ODI # 3494,28-May-14,SriLanka,8,England,Manchester,lost,67,10,24,2.79,,1,10 wickets,lost
ODI # 3494,28-May-14,England,1,Sri Lanka,Manchester,won,73,0,12.1,6,68,2,10 wickets,won
ODI # 3495,31-May-14,SriLanka,8,England,Lord's,lost,300,9,50,6,,1,7 runs,won
ODI # 3495,31-May-14,England,1,Sri Lanka,Lord's,won,293,8,50,5.86,301,2,7 runs,lost
ODI # 3496,03-Jun-14,SriLanka,8,England,Birmingham,lost,222,4,48.2,4.59,220,2,6 wickets,won
ODI # 3496,03-Jun-14,England,1,Sri Lanka,Birmingham,won,219,10,48.1,4.54,,1,6 wickets,lost
ODI # 3497,15-Jun-14,India,6,Bangladesh,Dhaka,lost,153,3,24.5,6.16,150,2,7 wickets,won
ODI # 3497,15-Jun-14,Bangladesh,25,India,Dhaka,won,272,9,50,5.44,,1,7 wickets,lost
ODI # 3498,17-Jun-14,India,6,Bangladesh,Dhaka,lost,105,10,25.3,4.11,,1,47 runs,won
ODI # 3498,17-Jun-14,Bangladesh,25,India,Dhaka,won,58,10,17.4,3.28,106,2,47 runs,lost
ODI # 3500,06-Jul-14,SriLanka,8,South Africa,Colombo (RPS),lost,229,10,40.3,5.65,305,2,75 runs,lost
ODI # 3500,06-Jul-14,SouthAfrica,3,Sri Lanka,Colombo (RPS),won,304,5,50,6.08,,1,75 runs,won
ODI # 3501,09-Jul-14,SriLanka,8,South Africa,Pallekele,won,267,10,49.2,5.41,,1,87 runs,won
ODI # 3501,09-Jul-14,SouthAfrica,3,Sri Lanka,Pallekele,lost,180,10,38.1,4.71,268,2,87 runs,lost
ODI # 3502,12-Jul-14,SriLanka,8,South Africa,Hambantota,lost,257,10,44.3,5.77,340,2,82 runs,lost
ODI # 3502,12-Jul-14,SouthAfrica,3,Sri Lanka,Hambantota,won,339,5,50,6.78,,1,82 runs,won
ODI # 3509,20-Aug-14,WestIndies,4,Bangladesh,St George's,won,219,7,39.4,5.52,218,2,3 wickets,won
ODI # 3509,20-Aug-14,Bangladesh,25,West Indies,St George's,lost,217,9,50,4.34,,1,3 wickets,lost
ODI # 3511,22-Aug-14,WestIndies,4,Bangladesh,St George's,lost,247,7,50,4.94,,1,177 runs,won
ODI # 3511,22-Aug-14,Bangladesh,25,West Indies,St George's,won,70,10,24.4,2.83,248,2,177 runs,lost
ODI # 3512,23-Aug-14,SriLanka,8,Pakistan,Hambantota,lost,275,7,45,6.11,,1,4 wickets,lost
ODI # 3512,23-Aug-14,Pakistan,7,Sri Lanka,Hambantota,won,277,6,44.5,6.17,275,2,4 wickets,won
ODI # 3514,25-Aug-14,WestIndies,4,Bangladesh,Basseterre,won,338,7,50,6.76,,1,91 runs,won
ODI # 3514,25-Aug-14,Bangladesh,25,West Indies,Basseterre,lost,247,8,50,4.94,339,2,91 runs,lost
ODI # 3515,26-Aug-14,SriLanka,8,Pakistan,Hambantota,won,310,9,50,6.2,,1,77 runs,won
ODI # 3515,26-Aug-14,Pakistan,7,Sri Lanka,Hambantota,lost,233,10,43.5,5.31,311,2,77 runs,lost
ODI # 3516,27-Aug-14,SouthAfrica,3,Australia,Harare,won,328,3,46.4,7.02,328,2,7 wickets,won
ODI # 3516,27-Aug-14,Australia,2,South Africa,Harare,lost,327,7,50,6.54,,1,7 wickets,lost
ODI # 3517,27-Aug-14,India,6,England,Cardiff,lost,304,6,50,6.08,,1,133 runs,won
ODI # 3517,27-Aug-14,England,1,India,Cardiff,won,161,10,38.1,4.21,295,2,133 runs,lost
ODI # 3519,30-Aug-14,SriLanka,8,Pakistan,Dambulla,lost,104,3,18.2,5.67,101,2,7 wickets,won
ODI # 3519,30-Aug-14,Pakistan,7,Sri Lanka,Dambulla,won,102,10,32.1,3.17,,1,7 wickets,lost
ODI # 3520,30-Aug-14,India,6,England,Nottingham,won,228,4,43,5.3,228,2,6 wickets,won
ODI # 3520,30-Aug-14,England,1,India,Nottingham,lost,227,10,50,4.54,,1,6 wickets,lost
ODI # 3522,02-Sep-14,SouthAfrica,3,Australia,Harare,won,220,10,44,5,283,2,62 runs,lost
ODI # 3522,02-Sep-14,Australia,2,South Africa,Harare,lost,282,7,50,5.64,,1,62 runs,won
ODI # 3523,02-Sep-14,India,6,England,Birmingham,won,212,1,30.3,6.95,207,2,9 wickets,won
ODI # 3523,02-Sep-14,England,1,India,Birmingham,lost,206,10,49.3,4.16,,1,9 wickets,lost
ODI # 3525,05-Sep-14,India,6,England,Leeds,won,253,10,48.4,5.19,295,2,41 runs,lost
ODI # 3525,05-Sep-14,England,1,India,Leeds,lost,294,7,50,5.88,,1,41 runs,won
ODI # 3526,06-Sep-14,SouthAfrica,3,Australia,Harare,won,221,4,40.5,5.41,218,2,6 wickets,won
ODI # 3526,06-Sep-14,Australia,2,South Africa,Harare,lost,217,9,50,4.34,,1,6 wickets,lost
ODI # 3530,07-Oct-14,Pakistan,7,Australia,Sharjah,lost,162,10,36.3,4.43,256,2,93 runs,lost
ODI # 3530,07-Oct-14,Australia,2,Pakistan,Sharjah,won,255,8,50,5.1,,1,93 runs,won
ODI # 3531,08-Oct-14,WestIndies,4,India,Kochi,lost,321,6,50,6.42,,1,124 runs,won
ODI # 3531,08-Oct-14,India,6,West Indies,Kochi,won,197,10,41,4.8,322,2,124 runs,lost
ODI # 3532,10-Oct-14,Pakistan,7,Australia,Dubai (DSC),won,215,10,49.3,4.34,,1,5 wickets,lost
ODI # 3532,10-Oct-14,Australia,2,Pakistan,Dubai (DSC),lost,217,5,43.2,5,216,2,5 wickets,won
ODI # 3533,11-Oct-14,WestIndies,4,India,Delhi,lost,215,10,46.3,4.62,264,2,48 runs,lost
ODI # 3533,11-Oct-14,India,6,West Indies,Delhi,won,263,7,50,5.26,,1,48 runs,won
ODI # 3534,12-Oct-14,Pakistan,7,Australia,Abu Dhabi,lost,230,10,50,4.6,232,2,1 runs,lost
ODI # 3534,12-Oct-14,Australia,2,Pakistan,Abu Dhabi,won,231,9,50,4.62,,1,1 runs,won
ODI # 3535,17-Oct-14,WestIndies,4,India,Dharamsala,won,271,10,48.1,5.62,331,2,59 runs,lost
ODI # 3535,17-Oct-14,India,6,West Indies,Dharamsala,lost,330,6,50,6.6,,1,59 runs,won
ODI # 3536,21-Oct-14,SouthAfrica,3,New Zealand,Mount Maunganui,won,236,4,48.1,4.89,231,2,6 wickets,won
ODI # 3536,21-Oct-14,Newzealad,5,South Africa,Mount Maunganui,lost,230,10,45.1,5.09,,1,6 wickets,lost
ODI # 3537,24-Oct-14,SouthAfrica,3,New Zealand,Mount Maunganui,lost,282,9,50,5.64,,1,72 runs,won
ODI # 3537,24-Oct-14,Newzealad,5,South Africa,Mount Maunganui,won,210,10,46.3,4.51,283,2,72 runs,lost
ODI # 3539,02-Nov-14,SriLanka,8,India,Cuttack,won,194,10,39.2,4.93,364,2,169 runs,lost
ODI # 3539,02-Nov-14,India,6,Sri Lanka,Cuttack,lost,363,5,50,7.26,,1,169 runs,won
ODI # 3540,06-Nov-14,SriLanka,8,India,Ahmedabad,won,274,8,50,5.48,,1,6 wickets,lost
ODI # 3540,06-Nov-14,India,6,Sri Lanka,Ahmedabad,lost,275,4,44.3,6.17,275,2,6 wickets,won
ODI # 3543,09-Nov-14,SriLanka,8,India,Hyderabad (Deccan),won,242,10,48.2,5,,1,6 wickets,lost
ODI # 3543,09-Nov-14,India,6,Sri Lanka,Hyderabad (Deccan),lost,245,4,44.1,5.54,243,2,6 wickets,won
ODI # 3544,13-Nov-14,SriLanka,8,India,Kolkata,lost,251,10,43.1,5.81,405,2,153 runs,lost
ODI # 3544,13-Nov-14,India,6,Sri Lanka,Kolkata,won,404,5,50,8.08,,1,153 runs,won
ODI # 3545,14-Nov-14,SouthAfrica,3,Australia,Perth,won,268,10,48.1,5.56,301,2,32 runs,lost
ODI # 3545,14-Nov-14,Australia,2,South Africa,Perth,lost,300,8,50,6,,1,32 runs,won
ODI # 3546,16-Nov-14,SouthAfrica,3,Australia,Perth,lost,157,7,27.4,5.67,155,2,3 wickets,won
ODI # 3546,16-Nov-14,Australia,2,South Africa,Perth,won,154,10,41.4,3.69,,1,3 wickets,lost
ODI # 3547,16-Nov-14,SriLanka,8,India,Ranchi,won,286,8,50,5.72,,1,3 wickets,lost
ODI # 3547,16-Nov-14,India,6,Sri Lanka,Ranchi,lost,288,7,48.4,5.91,287,2,3 wickets,won
ODI # 3548,19-Nov-14,SouthAfrica,3,Australia,Canberra,lost,256,10,44.3,5.75,330,2,73 runs,lost
ODI # 3548,19-Nov-14,Australia,2,South Africa,Canberra,won,329,5,50,6.58,,1,73 runs,won
ODI # 3549,21-Nov-14,SouthAfrica,3,Australia,Melbourne,won,267,8,50,5.34,,1,3 wickets,lost
ODI # 3549,21-Nov-14,Australia,2,South Africa,Melbourne,lost,268,7,49,5.46,268,2,3 wickets,won
ODI # 3551,23-Nov-14,SouthAfrica,3,Australia,Sydney,won,280,6,50,5.6,,1,2 wickets,lost
ODI # 3551,23-Nov-14,Australia,2,South Africa,Sydney,lost,275,8,47.1,5.83,275,2,2 wickets,won
ODI # 3554,26-Nov-14,SriLanka,8,England,Colombo (RPS),lost,317,6,50,6.34,,1,25 runs,won
ODI # 3554,26-Nov-14,England,1,Sri Lanka,Colombo (RPS),won,292,10,47.1,6.19,318,2,25 runs,lost
ODI # 3557,29-Nov-14,SriLanka,8,England,Colombo (RPS),lost,186,2,34.2,5.41,186,2,8 wickets,won
ODI # 3557,29-Nov-14,England,1,Sri Lanka,Colombo (RPS),won,185,10,43,4.3,,1,8 wickets,lost
ODI # 3561,03-Dec-14,SriLanka,8,England,Hambantota,won,242,8,35,6.91,,1,5 wickets,lost
ODI # 3561,03-Dec-14,England,1,Sri Lanka,Hambantota,lost,236,5,33.4,7,236,2,5 wickets,won
ODI # 3563,07-Dec-14,SriLanka,8,England,Colombo (RPS),lost,267,4,49.4,5.37,266,2,6 wickets,won
ODI # 3563,07-Dec-14,England,1,Sri Lanka,Colombo (RPS),won,265,10,50,5.3,,1,6 wickets,lost
ODI # 3564,08-Dec-14,Pakistan,7,New Zealand,Dubai (DSC),won,250,7,49.3,5.05,247,2,3 wickets,won
ODI # 3564,08-Dec-14,Newzealad,5,Pakistan,Dubai (DSC),lost,246,7,50,4.92,,1,3 wickets,lost
ODI # 3565,10-Dec-14,SriLanka,8,England,Pallekele,lost,239,10,49,4.87,,1,5 wickets,lost
ODI # 3565,10-Dec-14,England,1,Sri Lanka,Pallekele,won,240,5,49.1,4.88,240,2,5 wickets,won
ODI # 3566,12-Dec-14,Pakistan,7,New Zealand,Sharjah,won,252,10,48.3,5.19,,1,4 wickets,lost
ODI # 3566,12-Dec-14,Newzealad,5,Pakistan,Sharjah,lost,255,6,46,5.54,253,2,4 wickets,won
ODI # 3567,13-Dec-14,SriLanka,8,England,Pallekele,won,292,7,50,5.84,,1,90 runs,won
ODI # 3567,13-Dec-14,England,1,Sri Lanka,Pallekele,lost,202,10,41.3,4.86,293,2,90 runs,lost
ODI # 3568,14-Dec-14,Pakistan,7,New Zealand,Sharjah,won,364,7,50,7.28,,1,147 runs,won
ODI # 3568,14-Dec-14,Newzealad,5,Pakistan,Sharjah,lost,217,10,38.2,5.66,365,2,147 runs,lost
ODI # 3569,16-Dec-14,SriLanka,8,England,Colombo (RPS),won,302,6,50,6.04,,1,87 runs,won
ODI # 3569,16-Dec-14,England,1,Sri Lanka,Colombo (RPS),lost,215,10,45.5,4.69,303,2,87 runs,lost
ODI # 3570,17-Dec-14,Pakistan,7,New Zealand,Abu Dhabi,lost,292,8,50,5.84,300,2,7 runs,lost
ODI # 3570,17-Dec-14,Newzealad,5,Pakistan,Abu Dhabi,won,299,5,50,5.98,,1,7 runs,won
ODI # 3571,19-Dec-14,Pakistan,7,New Zealand,Abu Dhabi,lost,207,10,43.3,4.75,276,2,68 runs,lost
ODI # 3571,19-Dec-14,Newzealad,5,Pakistan,Abu Dhabi,won,275,4,50,5.5,,1,68 runs,won
ODI # 3574,11-Jan-15,SriLanka,8,New Zealand,Christchurch,won,218,9,50,4.36,,1,3 wickets,lost
ODI # 3574,11-Jan-15,Newzealad,5,Sri Lanka,Christchurch,lost,219,7,43,5.09,219,2,3 wickets,won
ODI # 3577,15-Jan-15,SriLanka,8,New Zealand,Hamilton,lost,252,4,47.4,5.28,249,2,6 wickets,won
ODI # 3577,15-Jan-15,Newzealad,5,Sri Lanka,Hamilton,won,248,10,50,4.96,,1,6 wickets,lost
ODI # 3578,16-Jan-15,England,1,Australia,Sydney,won,234,10,47.5,4.89,,1,3 wickets,lost
ODI # 3578,16-Jan-15,Australia,2,England,Sydney,lost,235,7,39.5,5.89,235,2,3 wickets,won
ODI # 3579,16-Jan-15,WestIndies,4,South Africa,Durban,lost,164,10,28.2,5.78,226,2,61 runs,lost
ODI # 3579,16-Jan-15,SouthAfrica,3,West Indies,Durban,won,279,8,48.2,5.77,,1,61 runs,won
ODI # 3582,18-Jan-15,India,6,Australia,Melbourne,won,267,8,50,5.34,,1,4 wickets,lost
ODI # 3582,18-Jan-15,Australia,2,India,Melbourne,lost,269,6,49,5.48,268,2,4 wickets,won
ODI # 3583,18-Jan-15,WestIndies,4,South Africa,Johannesburg,won,291,7,50,5.82,440,2,148 runs,lost
ODI # 3583,18-Jan-15,SouthAfrica,3,West Indies,Johannesburg,lost,439,2,50,8.78,,1,148 runs,won
ODI # 3585,20-Jan-15,SriLanka,8,New Zealand,Nelson,won,276,10,49.3,5.57,,1,4 wickets,lost
ODI # 3585,20-Jan-15,Newzealad,5,Sri Lanka,Nelson,lost,280,6,48.1,5.81,277,2,4 wickets,won
ODI # 3586,20-Jan-15,India,6,England,Brisbane,won,153,10,39.3,3.87,,1,9 wickets,lost
ODI # 3586,20-Jan-15,England,1,India,Brisbane,lost,156,1,27.3,5.67,154,2,9 wickets,won
ODI # 3587,21-Jan-15,WestIndies,4,South Africa,East London,won,122,10,33.4,3.62,,1,9 wickets,lost
ODI # 3587,21-Jan-15,SouthAfrica,3,West Indies,East London,lost,124,1,24.4,5.02,123,2,9 wickets,won
ODI # 3588,23-Jan-15,SriLanka,8,New Zealand,Dunedin,won,252,10,43.4,5.77,361,2,108 runs,lost
ODI # 3588,23-Jan-15,Newzealad,5,Sri Lanka,Dunedin,lost,360,5,50,7.2,,1,108 runs,won
ODI # 3589,23-Jan-15,England,1,Australia,Hobart,lost,303,8,50,6.06,,1,3 wickets,lost
ODI # 3589,23-Jan-15,Australia,2,England,Hobart,won,304,7,49.5,6.1,304,2,3 wickets,won
ODI # 3590,25-Jan-15,SriLanka,8,New Zealand,Dunedin,lost,195,10,40.3,4.81,316,2,120 runs,lost
ODI # 3590,25-Jan-15,Newzealad,5,Sri Lanka,Dunedin,won,315,8,50,6.3,,1,120 runs,won
ODI # 3591,25-Jan-15,WestIndies,4,South Africa,Port Elizabeth,won,266,9,48.3,5.48,263,2,1 wickets,won
ODI # 3591,25-Jan-15,SouthAfrica,3,West Indies,Port Elizabeth,lost,262,8,50,5.24,,1,1 wickets,lost
ODI # 3593,28-Jan-15,WestIndies,4,South Africa,Centurion,won,230,10,37.4,6.1,362,2,131 runs,lost
ODI # 3593,28-Jan-15,SouthAfrica,3,West Indies,Centurion,lost,361,5,42,8.59,,1,131 runs,won
ODI # 3594,29-Jan-15,SriLanka,8,New Zealand,Wellington,won,287,6,50,5.74,,1,34 runs,won
ODI # 3594,29-Jan-15,Newzealad,5,Sri Lanka,Wellington,lost,253,10,45.2,5.58,288,2,34 runs,lost
ODI # 3595,30-Jan-15,India,6,England,Perth,lost,200,10,48.1,4.15,,1,3 wickets,lost
ODI # 3595,30-Jan-15,England,1,India,Perth,won,201,7,46.5,4.29,201,2,3 wickets,won
ODI # 3596,31-Jan-15,Pakistan,7,New Zealand,Wellington,lost,210,10,45.3,4.61,,1,7 wickets,lost
ODI # 3596,31-Jan-15,Newzealad,5,Pakistan,Wellington,won,213,3,39.3,5.39,211,2,7 wickets,won
ODI # 3597,01-Feb-15,England,1,Australia,Perth,won,166,10,39.1,4.23,279,2,112 runs,lost
ODI # 3597,01-Feb-15,Australia,2,England,Perth,lost,278,8,50,5.56,,1,112 runs,won
ODI # 3598,03-Feb-15,Pakistan,7,New Zealand,Napier,lost,250,10,43.1,5.79,370,2,119 runs,lost
ODI # 3598,03-Feb-15,Newzealad,5,Pakistan,Napier,won,369,5,50,7.38,,1,119 runs,won
ODI # 3599,14-Feb-15,SriLanka,8,New Zealand,Christchurch,won,233,10,46.1,5.04,332,2,98 runs,lost
ODI # 3599,14-Feb-15,Newzealad,5,Sri Lanka,Christchurch,lost,331,6,50,6.62,,1,98 runs,won
ODI # 3600,14-Feb-15,England,1,Australia,Melbourne,won,231,10,41.5,5.52,343,2,111 runs,lost
ODI # 3600,14-Feb-15,Australia,2,England,Melbourne,lost,342,9,50,6.84,,1,111 runs,won
ODI # 3602,15-Feb-15,Pakistan,7,India,Adelaide,lost,224,10,47,4.76,301,2,76 runs,lost
ODI # 3602,15-Feb-15,India,6,Pakistan,Adelaide,won,300,7,50,6,,1,76 runs,won
ODI # 3605,18-Feb-15,Bangladesh,25,Afghanistan,Canberra,won,267,10,50,5.34,,1,105 runs,won
ODI # 3605,18-Feb-15,Afghanistan,40,Bangladesh,Canberra,lost,162,10,42.5,3.78,268,2,105 runs,lost
ODI # 3607,20-Feb-15,Newzealad,5,England,Wellington,lost,125,2,12.2,10.13,124,2,8 wickets,won
ODI # 3607,20-Feb-15,England,1,New Zealand,Wellington,won,123,10,33.2,3.69,,1,8 wickets,lost
ODI # 3608,21-Feb-15,WestIndies,4,Pakistan,Christchurch,lost,310,6,50,6.2,,1,150 runs,won
ODI # 3608,21-Feb-15,Pakistan,7,West Indies,Christchurch,won,160,10,39,4.1,311,2,150 runs,lost
ODI # 3609,22-Feb-15,SriLanka,8,Afghanistan,Dunedin,won,236,6,48.2,4.88,233,2,4 wickets,won
ODI # 3609,22-Feb-15,Afghanistan,40,Sri Lanka,Dunedin,lost,232,10,49.4,4.67,,1,4 wickets,lost
ODI # 3610,22-Feb-15,SouthAfrica,3,India,Melbourne,lost,177,10,40.2,4.38,308,2,130 runs,lost
ODI # 3610,22-Feb-15,India,6,South Africa,Melbourne,won,307,7,50,6.14,,1,130 runs,won
ODI # 3615,26-Feb-15,SriLanka,8,Bangladesh,Melbourne,won,332,1,50,6.64,,1,92 runs,won
ODI # 3615,26-Feb-15,Bangladesh,25,Sri Lanka,Melbourne,lost,240,10,47,5.1,333,2,92 runs,lost
ODI # 3616,27-Feb-15,WestIndies,4,South Africa,Sydney,lost,151,10,33.1,4.55,409,2,257 runs,lost
ODI # 3616,27-Feb-15,SouthAfrica,3,West Indies,Sydney,won,408,5,50,8.16,,1,257 runs,won
ODI # 3617,28-Feb-15,Newzealad,5,Australia,Auckland,lost,152,9,23.1,6.56,152,2,1 wickets,won
ODI # 3617,28-Feb-15,Australia,2,New Zealand,Auckland,won,151,10,32.2,4.67,,1,1 wickets,lost
ODI # 3619,01-Mar-15,SriLanka,8,England,Wellington,lost,312,1,47.2,6.59,310,2,9 wickets,won
ODI # 3619,01-Mar-15,England,1,Sri Lanka,Wellington,won,309,6,50,6.18,,1,9 wickets,lost
ODI # 3623,04-Mar-15,Australia,2,Afghanistan,Perth,lost,417,6,50,8.34,,1,275 runs,won
ODI # 3623,04-Mar-15,Afghanistan,40,Australia,Perth,won,142,10,37.3,3.78,418,2,275 runs,lost
ODI # 3625,06-Mar-15,WestIndies,4,India,Perth,won,182,10,44.2,4.1,,1,4 wickets,lost
ODI # 3625,06-Mar-15,India,6,West Indies,Perth,lost,185,6,39.1,4.72,183,2,4 wickets,won
ODI # 3626,07-Mar-15,SouthAfrica,3,Pakistan,Auckland,won,202,10,33.3,6.02,232,2,29 runs,lost
ODI # 3626,07-Mar-15,Pakistan,7,South Africa,Auckland,lost,222,10,46.4,4.75,,1,29 runs,won
ODI # 3628,08-Mar-15,Newzealad,5,Afghanistan,Napier,lost,188,4,36.1,5.19,187,2,6 wickets,won
ODI # 3628,08-Mar-15,Afghanistan,40,New Zealand,Napier,won,186,10,47.4,3.9,,1,6 wickets,lost
ODI # 3629,08-Mar-15,SriLanka,8,Australia,Sydney,lost,312,10,46.2,6.73,377,2,64 runs,lost
ODI # 3629,08-Mar-15,Australia,2,Sri Lanka,Sydney,won,376,9,50,7.52,,1,64 runs,won
ODI # 3630,09-Mar-15,England,1,Bangladesh,Adelaide,won,260,10,48.3,5.36,276,2,15 runs,lost
ODI # 3630,09-Mar-15,Bangladesh,25,England,Adelaide,lost,275,7,50,5.5,,1,15 runs,won
ODI # 3634,13-Mar-15,Newzealad,5,Bangladesh,Hamilton,won,290,7,48.5,5.93,289,2,3 wickets,won
ODI # 3634,13-Mar-15,Bangladesh,25,New Zealand,Hamilton,lost,288,7,50,5.76,,1,3 wickets,lost
ODI # 3635,13-Mar-15,England,1,Afghanistan,Sydney,won,101,1,18.1,5.55,101,2,9 wickets,won
ODI # 3635,13-Mar-15,Afghanistan,40,England,Sydney,lost,111,7,36.2,3.05,,1,9 wickets,lost
ODI # 3640,18-Mar-15,SriLanka,8,South Africa,Sydney,won,133,10,37.2,3.56,,1,9 wickets,lost
ODI # 3640,18-Mar-15,SouthAfrica,3,Sri Lanka,Sydney,lost,134,1,18,7.44,134,2,9 wickets,won
ODI # 3641,19-Mar-15,India,6,Bangladesh,Melbourne,won,302,6,50,6.04,,1,109 runs,won
ODI # 3641,19-Mar-15,Bangladesh,25,India,Melbourne,lost,193,10,45,4.28,303,2,109 runs,lost
ODI # 3642,20-Mar-15,Pakistan,7,Australia,Adelaide,won,213,10,49.5,4.27,,1,6 wickets,lost
ODI # 3642,20-Mar-15,Australia,2,Pakistan,Adelaide,lost,216,4,33.5,6.38,214,2,6 wickets,won
ODI # 3643,21-Mar-15,WestIndies,4,New Zealand,Wellington,lost,250,10,30.3,8.19,394,2,143 runs,lost
ODI # 3643,21-Mar-15,Newzealad,5,West Indies,Wellington,won,393,6,50,7.86,,1,143 runs,won
ODI # 3644,24-Mar-15,SouthAfrica,3,New Zealand,Auckland,won,281,5,43,6.53,,1,4 wickets,lost
ODI # 3644,24-Mar-15,Newzealad,5,South Africa,Auckland,lost,299,6,42.5,6.98,298,2,4 wickets,won
ODI # 3645,26-Mar-15,India,6,Australia,Sydney,lost,233,10,46.5,4.97,329,2,95 runs,lost
ODI # 3645,26-Mar-15,Australia,2,India,Sydney,won,328,7,50,6.56,,1,95 runs,won
ODI # 3646,29-Mar-15,Newzealad,5,Australia,Melbourne,won,183,10,45,4.06,,1,7 wickets,lost
ODI # 3646,29-Mar-15,Australia,2,New Zealand,Melbourne,lost,186,3,33.1,5.6,184,2,7 wickets,won
ODI # 3647,17-Apr-15,Pakistan,7,Bangladesh,Dhaka,lost,250,10,45.2,5.51,330,2,79 runs,lost
ODI # 3647,17-Apr-15,Bangladesh,25,Pakistan,Dhaka,won,329,6,50,6.58,,1,79 runs,won
ODI # 3648,19-Apr-15,Pakistan,7,Bangladesh,Dhaka,won,239,6,50,4.78,,1,7 wickets,lost
ODI # 3648,19-Apr-15,Bangladesh,25,Pakistan,Dhaka,lost,240,3,38.1,6.28,240,2,7 wickets,won
ODI # 3649,22-Apr-15,Pakistan,7,Bangladesh,Dhaka,won,250,10,49,5.1,,1,8 wickets,lost
ODI # 3649,22-Apr-15,Bangladesh,25,Pakistan,Dhaka,lost,251,2,39.3,6.35,251,2,8 wickets,won
ODI # 3654,09-Jun-15,Newzealad,5,England,Birmingham,won,198,10,31.1,6.35,409,2,210 runs,lost
ODI # 3654,09-Jun-15,England,1,New Zealand,Birmingham,lost,408,9,50,8.16,,1,210 runs,won
ODI # 3655,12-Jun-15,Newzealad,5,England,The Oval,won,398,5,50,7.96,,1,13 runs,won
ODI # 3655,12-Jun-15,England,1,New Zealand,The Oval,lost,365,9,46,7.93,379,2,13 runs,lost
ODI # 3656,14-Jun-15,Newzealad,5,England,Southampton,lost,306,7,49,6.24,303,2,3 wickets,won
ODI # 3656,14-Jun-15,England,1,New Zealand,Southampton,won,302,10,45.2,6.66,,1,3 wickets,lost
ODI # 3657,17-Jun-15,Newzealad,5,England,Nottingham,won,349,7,50,6.98,,1,7 wickets,lost
ODI # 3657,17-Jun-15,England,1,New Zealand,Nottingham,lost,350,3,44,7.95,350,2,7 wickets,won
ODI # 3658,18-Jun-15,India,6,Bangladesh,Dhaka,lost,228,10,46,4.95,308,2,79 runs,lost
ODI # 3658,18-Jun-15,Bangladesh,25,India,Dhaka,won,307,10,49.4,6.18,,1,79 runs,won
ODI # 3659,20-Jun-15,Newzealad,5,England,Chester-le-Street,lost,283,9,50,5.66,,1,3 wickets,lost
ODI # 3659,20-Jun-15,England,1,New Zealand,Chester-le-Street,won,192,7,25,7.68,192,2,3 wickets,won
ODI # 3660,21-Jun-15,India,6,Bangladesh,Dhaka,won,200,10,45,4.44,,1,6 wickets,lost
ODI # 3660,21-Jun-15,Bangladesh,25,India,Dhaka,lost,200,4,38,5.26,200,2,6 wickets,won
ODI # 3661,24-Jun-15,India,6,Bangladesh,Dhaka,lost,317,6,50,6.34,,1,77 runs,won
ODI # 3661,24-Jun-15,Bangladesh,25,India,Dhaka,won,240,10,47,5.1,318,2,77 runs,lost
ODI # 3663,10-Jul-15,SouthAfrica,3,Bangladesh,Dhaka,lost,164,2,31.1,5.26,161,2,8 wickets,won
ODI # 3663,10-Jul-15,Bangladesh,25,South Africa,Dhaka,won,160,10,36.3,4.38,,1,8 wickets,lost
ODI # 3664,11-Jul-15,SriLanka,8,Pakistan,Dambulla,lost,255,8,50,5.1,,1,6 wickets,lost
ODI # 3664,11-Jul-15,Pakistan,7,Sri Lanka,Dambulla,won,259,4,45.2,5.71,256,2,6 wickets,won
ODI # 3666,12-Jul-15,SouthAfrica,3,Bangladesh,Dhaka,won,162,10,46,3.52,,1,7 wickets,lost
ODI # 3666,12-Jul-15,Bangladesh,25,South Africa,Dhaka,lost,167,3,27.4,6.03,163,2,7 wickets,won
ODI # 3668,15-Jul-15,SouthAfrica,3,Bangladesh,Chattogram,won,168,9,40,4.2,,1,9 wickets,lost
ODI # 3668,15-Jul-15,Bangladesh,25,South Africa,Chattogram,lost,170,1,26.1,6.49,170,2,9 wickets,won
ODI # 3669,15-Jul-15,SriLanka,8,Pakistan,Pallekele,lost,288,8,48.1,5.97,288,2,2 wickets,won
ODI # 3669,15-Jul-15,Pakistan,7,Sri Lanka,Pallekele,won,287,8,50,5.74,,1,2 wickets,lost
ODI # 3670,19-Jul-15,SriLanka,8,Pakistan,Colombo (RPS),lost,181,10,41.1,4.39,317,2,135 runs,lost
ODI # 3670,19-Jul-15,Pakistan,7,Sri Lanka,Colombo (RPS),won,316,4,50,6.32,,1,135 runs,won
ODI # 3671,22-Jul-15,SriLanka,8,Pakistan,Colombo (RPS),won,256,9,50,5.12,,1,7 wickets,lost
ODI # 3671,22-Jul-15,Pakistan,7,Sri Lanka,Colombo (RPS),lost,257,3,40.5,6.29,257,2,7 wickets,won
ODI # 3672,26-Jul-15,SriLanka,8,Pakistan,Hambantota,won,368,4,50,7.36,,1,165 runs,won
ODI # 3672,26-Jul-15,Pakistan,7,Sri Lanka,Hambantota,lost,203,10,37.2,5.43,369,2,165 runs,lost
ODI # 3676,19-Aug-15,SouthAfrica,3,New Zealand,Centurion,lost,304,7,50,6.08,,1,20 runs,won
ODI # 3676,19-Aug-15,Newzealad,5,South Africa,Centurion,won,284,10,48.1,5.89,305,2,20 runs,lost
ODI # 3677,23-Aug-15,SouthAfrica,3,New Zealand,Potchefstroom,won,204,10,49.3,4.12,,1,8 wickets,lost
ODI # 3677,23-Aug-15,Newzealad,5,South Africa,Potchefstroom,lost,207,2,44.3,4.65,205,2,8 wickets,won
ODI # 3678,26-Aug-15,SouthAfrica,3,New Zealand,Durban,won,283,7,50,5.66,,1,62 runs,won
ODI # 3678,26-Aug-15,Newzealad,5,South Africa,Durban,lost,221,10,49.2,4.47,284,2,62 runs,lost
ODI # 3680,03-Sep-15,England,1,Australia,Southampton,lost,246,10,45.3,5.4,306,2,59 runs,lost
ODI # 3680,03-Sep-15,Australia,2,England,Southampton,won,305,6,50,6.1,,1,59 runs,won
ODI # 3681,05-Sep-15,England,1,Australia,Lord's,won,245,10,42.3,5.76,310,2,64 runs,lost
ODI # 3681,05-Sep-15,Australia,2,England,Lord's,lost,309,7,49,6.3,,1,64 runs,won
ODI # 3682,08-Sep-15,England,1,Australia,Manchester,won,300,8,50,6,,1,93 runs,won
ODI # 3682,08-Sep-15,Australia,2,England,Manchester,lost,207,10,44,4.7,301,2,93 runs,lost
ODI # 3683,11-Sep-15,England,1,Australia,Leeds,lost,304,7,48.2,6.28,300,2,3 wickets,won
ODI # 3683,11-Sep-15,Australia,2,England,Leeds,won,299,7,50,5.98,,1,3 wickets,lost
ODI # 3684,13-Sep-15,England,1,Australia,Manchester,won,138,10,33,4.18,,1,8 wickets,lost
ODI # 3684,13-Sep-15,Australia,2,England,Manchester,lost,140,2,24.2,5.75,139,2,8 wickets,won
ODI # 3689,11-Oct-15,SouthAfrica,3,India,Kanpur,won,303,5,50,6.06,,1,5 runs,won
ODI # 3689,11-Oct-15,India,6,South Africa,Kanpur,lost,298,7,50,5.96,304,2,5 runs,lost
ODI # 3692,14-Oct-15,SouthAfrica,3,India,Indore,lost,225,10,43.4,5.15,248,2,22 runs,lost
ODI # 3692,14-Oct-15,India,6,South Africa,Indore,won,247,9,50,4.94,,1,22 runs,won
ODI # 3695,18-Oct-15,SouthAfrica,3,India,Rajkot,won,270,7,50,5.4,,1,18 runs,won
ODI # 3695,18-Oct-15,India,6,South Africa,Rajkot,lost,252,6,50,5.04,271,2,18 runs,lost
ODI # 3698,22-Oct-15,SouthAfrica,3,India,Chennai,lost,264,9,50,5.28,300,2,35 runs,lost
ODI # 3698,22-Oct-15,India,6,South Africa,Chennai,won,299,8,50,5.98,,1,35 runs,won
ODI # 3700,25-Oct-15,SouthAfrica,3,India,Mumbai,won,438,4,50,8.76,,1,214 runs,won
ODI # 3700,25-Oct-15,India,6,South Africa,Mumbai,lost,224,10,36,6.22,439,2,214 runs,lost
ODI # 3701,01-Nov-15,WestIndies,4,Sri Lanka,Colombo (RPS),lost,159,8,26,6.11,,1,1 wickets,lost
ODI # 3701,01-Nov-15,SriLanka,8,West Indies,Colombo (RPS),won,164,9,24.5,6.6,163,2,1 wickets,won
ODI # 3702,04-Nov-15,WestIndies,4,Sri Lanka,Colombo (RPS),won,214,10,37.4,5.68,,1,8 wickets,lost
ODI # 3702,04-Nov-15,SriLanka,8,West Indies,Colombo (RPS),lost,225,2,36.3,6.16,225,2,8 wickets,won
ODI # 3704,07-Nov-15,WestIndies,4,Sri Lanka,Pallekele,lost,206,9,36,5.72,,1,19 runs,lost
ODI # 3704,07-Nov-15,SriLanka,8,West Indies,Pallekele,won,180,5,32.3,5.53,162,2,19 runs,won
ODI # 3707,11-Nov-15,Pakistan,7,England,Abu Dhabi,lost,217,4,43.4,4.96,217,2,6 wickets,won
ODI # 3707,11-Nov-15,England,1,Pakistan,Abu Dhabi,won,216,10,49.4,4.34,,1,6 wickets,lost
ODI # 3708,13-Nov-15,Pakistan,7,England,Abu Dhabi,lost,188,10,45.5,4.1,284,2,95 runs,lost
ODI # 3708,13-Nov-15,England,1,Pakistan,Abu Dhabi,won,283,5,50,5.66,,1,95 runs,won
ODI # 3710,17-Nov-15,Pakistan,7,England,Sharjah,won,208,10,49.5,4.17,,1,6 wickets,lost
ODI # 3710,17-Nov-15,England,1,Pakistan,Sharjah,lost,210,4,41,5.12,209,2,6 wickets,won
ODI # 3712,20-Nov-15,Pakistan,7,England,Dubai (DSC),lost,271,10,40.4,6.66,356,2,84 runs,lost
ODI # 3712,20-Nov-15,England,1,Pakistan,Dubai (DSC),won,355,5,50,7.1,,1,84 runs,won
ODI # 3714,26-Dec-15,SriLanka,8,New Zealand,Christchurch,won,188,10,47,4,,1,7 wickets,lost
ODI # 3714,26-Dec-15,Newzealad,5,Sri Lanka,Christchurch,lost,191,3,21,9.09,189,2,7 wickets,won
ODI # 3715,28-Dec-15,SriLanka,8,New Zealand,Christchurch,won,117,10,27.4,4.22,,1,10 wickets,lost
ODI # 3715,28-Dec-15,Newzealad,5,Sri Lanka,Christchurch,lost,118,0,8.2,14.16,118,2,10 wickets,won
ODI # 3717,31-Dec-15,SriLanka,8,New Zealand,Nelson,lost,277,2,46.2,5.97,277,2,8 wickets,won
ODI # 3717,31-Dec-15,Newzealad,5,Sri Lanka,Nelson,won,276,8,50,5.52,,1,8 wickets,lost
ODI # 3721,05-Jan-16,SriLanka,8,New Zealand,Mount Maunganui,won,258,10,47.1,5.46,295,2,36 runs,lost
ODI # 3721,05-Jan-16,Newzealad,5,Sri Lanka,Mount Maunganui,lost,294,5,50,5.88,,1,36 runs,won
ODI # 3723,12-Jan-16,India,6,Australia,Perth,won,309,3,50,6.18,,1,5 wickets,lost
ODI # 3723,12-Jan-16,Australia,2,India,Perth,lost,310,5,49.2,6.28,310,2,5 wickets,won
ODI # 3724,15-Jan-16,India,6,Australia,Brisbane,won,308,8,50,6.16,,1,7 wickets,lost
ODI # 3724,15-Jan-16,Australia,2,India,Brisbane,lost,309,3,49,6.3,309,2,7 wickets,won
ODI # 3725,17-Jan-16,India,6,Australia,Melbourne,lost,295,6,50,5.9,,1,3 wickets,lost
ODI # 3725,17-Jan-16,Australia,2,India,Melbourne,won,296,7,48.5,6.06,296,2,3 wickets,won
ODI # 3726,20-Jan-16,India,6,Australia,Canberra,lost,323,10,49.2,6.54,349,2,25 runs,lost
ODI # 3726,20-Jan-16,Australia,2,India,Canberra,won,348,8,50,6.96,,1,25 runs,won
ODI # 3727,23-Jan-16,India,6,Australia,Sydney,won,331,4,49.4,6.66,331,2,6 wickets,won
ODI # 3727,23-Jan-16,Australia,2,India,Sydney,lost,330,7,50,6.6,,1,6 wickets,lost
ODI # 3728,25-Jan-16,Pakistan,7,New Zealand,Wellington,won,210,10,46,4.56,281,2,70 runs,lost
ODI # 3728,25-Jan-16,Newzealad,5,Pakistan,Wellington,lost,280,8,50,5.6,,1,70 runs,won
ODI # 3730,31-Jan-16,Pakistan,7,New Zealand,Auckland,won,290,10,47.3,6.1,,1,3 wickets,lost
ODI # 3730,31-Jan-16,Newzealad,5,Pakistan,Auckland,lost,265,7,42.4,6.21,263,2,3 wickets,won
ODI # 3731,03-Feb-16,Newzealad,5,Australia,Auckland,lost,307,8,50,6.14,,1,159 runs,won
ODI # 3731,03-Feb-16,Australia,2,New Zealand,Auckland,won,148,10,24.2,6.08,308,2,159 runs,lost
ODI # 3732,03-Feb-16,SouthAfrica,3,England,Bloemfontein,lost,250,5,33.3,7.46,290,2,39 runs,lost
ODI # 3732,03-Feb-16,England,1,South Africa,Bloemfontein,won,399,9,50,7.98,,1,39 runs,won
ODI # 3733,06-Feb-16,Newzealad,5,Australia,Wellington,won,281,9,50,5.62,,1,4 wickets,lost
ODI # 3733,06-Feb-16,Australia,2,New Zealand,Wellington,lost,283,6,46.3,6.08,282,2,4 wickets,won
ODI # 3734,06-Feb-16,SouthAfrica,3,England,Port Elizabeth,won,262,7,50,5.24,,1,5 wickets,lost
ODI # 3734,06-Feb-16,England,1,South Africa,Port Elizabeth,lost,263,5,46.2,5.67,263,2,5 wickets,won
ODI # 3735,08-Feb-16,Newzealad,5,Australia,Hamilton,lost,246,10,45.3,5.4,,1,55 runs,won
ODI # 3735,08-Feb-16,Australia,2,New Zealand,Hamilton,won,191,10,43.4,4.37,247,2,55 runs,lost
ODI # 3736,09-Feb-16,SouthAfrica,3,England,Centurion,lost,319,3,46.2,6.88,319,2,7 wickets,won
ODI # 3736,09-Feb-16,England,1,South Africa,Centurion,won,318,8,50,6.36,,1,7 wickets,lost
ODI # 3737,12-Feb-16,SouthAfrica,3,England,Johannesburg,won,266,9,47.2,5.61,263,2,1 wickets,won
ODI # 3737,12-Feb-16,England,1,South Africa,Johannesburg,lost,262,10,47.5,5.47,,1,1 wickets,lost
ODI # 3738,14-Feb-16,SouthAfrica,3,England,Cape Town,won,237,5,44,5.38,237,2,5 wickets,won
ODI # 3738,14-Feb-16,England,1,South Africa,Cape Town,lost,236,10,45,5.24,,1,5 wickets,lost
ODI # 3739,03-Jun-16,WestIndies,4,South Africa,Providence,lost,191,6,48.1,3.96,189,2,4 wickets,won
ODI # 3739,03-Jun-16,SouthAfrica,3,West Indies,Providence,won,188,10,46.5,4.01,,1,4 wickets,lost
ODI # 3740,05-Jun-16,WestIndies,4,Australia,Providence,lost,116,10,32.3,3.56,,1,6 wickets,lost
ODI # 3740,05-Jun-16,Australia,2,West Indies,Providence,won,117,4,25.4,4.55,117,2,6 wickets,won
ODI # 3741,07-Jun-16,SouthAfrica,3,Australia,Providence,won,189,9,50,3.78,,1,47 runs,won
ODI # 3741,07-Jun-16,Australia,2,South Africa,Providence,lost,142,10,34.2,4.13,190,2,47 runs,lost
ODI # 3743,11-Jun-16,SouthAfrica,3,Australia,Basseterre,lost,252,10,47.4,5.28,289,2,36 runs,lost
ODI # 3743,11-Jun-16,Australia,2,South Africa,Basseterre,won,288,6,50,5.76,,1,36 runs,won
ODI # 3745,13-Jun-16,WestIndies,4,Australia,Basseterre,won,266,6,45.4,5.82,266,2,4 wickets,won
ODI # 3745,13-Jun-16,Australia,2,West Indies,Basseterre,lost,265,7,50,5.3,,1,4 wickets,lost
ODI # 3747,15-Jun-16,WestIndies,4,South Africa,Basseterre,won,204,10,38,5.36,344,2,139 runs,lost
ODI # 3747,15-Jun-16,SouthAfrica,3,West Indies,Basseterre,lost,343,4,50,6.86,,1,139 runs,won
ODI # 3752,21-Jun-16,WestIndies,4,Australia,Bridgetown,lost,282,8,50,5.64,,1,6 wickets,lost
ODI # 3752,21-Jun-16,Australia,2,West Indies,Bridgetown,won,283,4,48.4,5.81,283,2,6 wickets,won
ODI # 3753,24-Jun-16,SriLanka,8,England,Birmingham,won,254,7,50,5.08,,1,10 wickets,lost
ODI # 3753,24-Jun-16,England,1,Sri Lanka,Birmingham,lost,256,0,34.1,7.49,255,2,10 wickets,won
ODI # 3754,24-Jun-16,WestIndies,4,South Africa,Bridgetown,lost,285,10,49.5,5.71,,1,100 runs,won
ODI # 3754,24-Jun-16,SouthAfrica,3,West Indies,Bridgetown,won,185,10,46,4.02,286,2,100 runs,lost
ODI # 3756,26-Jun-16,WestIndies,4,Australia,Bridgetown,lost,212,10,45.4,4.64,271,2,58 runs,lost
ODI # 3756,26-Jun-16,Australia,2,West Indies,Bridgetown,won,270,9,50,5.4,,1,58 runs,won
ODI # 3757,29-Jun-16,SriLanka,8,England,The Oval,lost,305,5,42,7.26,,1,6 wickets,lost
ODI # 3757,29-Jun-16,England,1,Sri Lanka,The Oval,won,309,4,40.1,7.69,308,2,6 wickets,won
ODI # 3758,02-Jul-16,SriLanka,8,England,Cardiff,won,202,10,42.4,4.73,325,2,122 runs,lost
ODI # 3758,02-Jul-16,England,1,Sri Lanka,Cardiff,lost,324,7,50,6.48,,1,122 runs,won
ODI # 3768,21-Aug-16,SriLanka,8,Australia,Colombo (RPS),lost,227,8,50,4.54,,1,3 wickets,lost
ODI # 3768,21-Aug-16,Australia,2,Sri Lanka,Colombo (RPS),won,228,7,46.5,4.86,228,2,3 wickets,won
ODI # 3769,24-Aug-16,SriLanka,8,Australia,Colombo (RPS),won,288,10,48.5,5.89,,1,82 runs,won
ODI # 3769,24-Aug-16,Australia,2,Sri Lanka,Colombo (RPS),lost,206,10,47.2,4.35,289,2,82 runs,lost
ODI # 3770,24-Aug-16,Pakistan,7,England,Southampton,won,260,6,50,5.2,,1,44 runs,lost
ODI # 3770,24-Aug-16,England,1,Pakistan,Southampton,lost,194,3,34.3,5.62,151,2,44 runs,won
ODI # 3771,27-Aug-16,Pakistan,7,England,Lord's,won,251,10,49.5,5.03,,1,4 wickets,lost
ODI # 3771,27-Aug-16,England,1,Pakistan,Lord's,lost,255,6,47.3,5.36,252,2,4 wickets,won
ODI # 3772,28-Aug-16,SriLanka,8,Australia,Dambulla,won,226,10,49.2,4.58,,1,2 wickets,lost
ODI # 3772,28-Aug-16,Australia,2,Sri Lanka,Dambulla,lost,227,8,46,4.93,227,2,2 wickets,won
ODI # 3773,30-Aug-16,Pakistan,7,England,Nottingham,lost,275,10,42.4,6.44,445,2,169 runs,lost
ODI # 3773,30-Aug-16,England,1,Pakistan,Nottingham,won,444,3,50,8.88,,1,169 runs,won
ODI # 3774,31-Aug-16,SriLanka,8,Australia,Dambulla,won,212,10,50,4.24,,1,6 wickets,lost
ODI # 3774,31-Aug-16,Australia,2,Sri Lanka,Dambulla,lost,217,4,31,7,213,2,6 wickets,won
ODI # 3775,01-Sep-16,Pakistan,7,England,Leeds,won,247,8,50,4.94,,1,4 wickets,lost
ODI # 3775,01-Sep-16,England,1,Pakistan,Leeds,lost,252,6,48,5.25,248,2,4 wickets,won
ODI # 3776,04-Sep-16,SriLanka,8,Australia,Pallekele,won,195,10,40.2,4.83,,1,5 wickets,lost
ODI # 3776,04-Sep-16,Australia,2,Sri Lanka,Pallekele,lost,199,5,43,4.62,196,2,5 wickets,won
ODI # 3777,04-Sep-16,Pakistan,7,England,Cardiff,won,304,6,48.2,6.28,303,2,4 wickets,won
ODI # 3777,04-Sep-16,England,1,Pakistan,Cardiff,lost,302,9,50,6.04,,1,4 wickets,lost
ODI # 3781,25-Sep-16,Bangladesh,25,Afghanistan,Dhaka,won,265,10,50,5.3,,1,7 runs,won
ODI # 3781,25-Sep-16,Afghanistan,40,Bangladesh,Dhaka,lost,258,10,50,5.16,266,2,7 runs,lost
ODI # 3783,28-Sep-16,Bangladesh,25,Afghanistan,Dhaka,lost,208,10,49.2,4.21,,1,2 wickets,lost
ODI # 3783,28-Sep-16,Afghanistan,40,Bangladesh,Dhaka,won,212,8,49.4,4.26,209,2,2 wickets,won
ODI # 3784,30-Sep-16,WestIndies,4,Pakistan,Sharjah,won,175,10,38.4,4.52,287,2,111 runs,lost
ODI # 3784,30-Sep-16,Pakistan,7,West Indies,Sharjah,lost,284,9,49,5.79,,1,111 runs,won
ODI # 3785,30-Sep-16,SouthAfrica,3,Australia,Centurion,won,295,4,36.2,8.11,295,2,6 wickets,won
ODI # 3785,30-Sep-16,Australia,2,South Africa,Centurion,lost,294,9,50,5.88,,1,6 wickets,lost
ODI # 3786,01-Oct-16,Bangladesh,25,Afghanistan,Dhaka,won,279,8,50,5.58,,1,141 runs,won
ODI # 3786,01-Oct-16,Afghanistan,40,Bangladesh,Dhaka,lost,138,10,33.5,4.07,280,2,141 runs,lost
ODI # 3787,02-Oct-16,SouthAfrica,3,Australia,Johannesburg,lost,361,6,50,7.22,,1,142 runs,won
ODI # 3787,02-Oct-16,Australia,2,South Africa,Johannesburg,won,219,10,37.4,5.81,362,2,142 runs,lost
ODI # 3788,02-Oct-16,WestIndies,4,Pakistan,Sharjah,lost,278,7,50,5.56,338,2,59 runs,lost
ODI # 3788,02-Oct-16,Pakistan,7,West Indies,Sharjah,won,337,5,50,6.74,,1,59 runs,won
ODI # 3789,05-Oct-16,WestIndies,4,Pakistan,Abu Dhabi,lost,172,10,44,3.9,309,2,136 runs,lost
ODI # 3789,05-Oct-16,Pakistan,7,West Indies,Abu Dhabi,won,308,6,50,6.16,,1,136 runs,won
ODI # 3790,05-Oct-16,SouthAfrica,3,Australia,Durban,lost,372,6,49.2,7.54,372,2,4 wickets,won
ODI # 3790,05-Oct-16,Australia,2,South Africa,Durban,won,371,6,50,7.42,,1,4 wickets,lost
ODI # 3791,07-Oct-16,England,1,Bangladesh,Dhaka,won,309,8,50,6.18,,1,21 runs,won
ODI # 3791,07-Oct-16,Bangladesh,25,England,Dhaka,lost,288,10,47.5,6.02,310,2,21 runs,lost
ODI # 3792,09-Oct-16,SouthAfrica,3,Australia,Port Elizabeth,lost,168,4,35.3,4.73,168,2,6 wickets,won
ODI # 3792,09-Oct-16,Australia,2,South Africa,Port Elizabeth,won,167,10,36.4,4.55,,1,6 wickets,lost
ODI # 3793,09-Oct-16,England,1,Bangladesh,Dhaka,won,204,10,44.4,4.56,239,2,34 runs,lost
ODI # 3793,09-Oct-16,Bangladesh,25,England,Dhaka,lost,238,8,50,4.76,,1,34 runs,won
ODI # 3794,12-Oct-16,England,1,Bangladesh,Chattogram,won,278,6,47.5,5.81,278,2,4 wickets,won
ODI # 3794,12-Oct-16,Bangladesh,25,England,Chattogram,lost,277,6,50,5.54,,1,4 wickets,lost
ODI # 3795,12-Oct-16,SouthAfrica,3,Australia,Cape Town,won,327,8,50,6.54,,1,31 runs,won
ODI # 3795,12-Oct-16,Australia,2,South Africa,Cape Town,lost,296,10,48.2,6.12,328,2,31 runs,lost
ODI # 3796,16-Oct-16,Newzealad,5,India,Dharamsala,lost,190,10,43.5,4.33,,1,6 wickets,lost
ODI # 3796,16-Oct-16,India,6,New Zealand,Dharamsala,won,194,4,33.1,5.84,191,2,6 wickets,won
ODI # 3797,20-Oct-16,Newzealad,5,India,Delhi,lost,242,9,50,4.84,,1,6 runs,won
ODI # 3797,20-Oct-16,India,6,New Zealand,Delhi,won,236,10,49.3,4.76,243,2,6 runs,lost
ODI # 3798,23-Oct-16,Newzealad,5,India,Mohali,lost,285,10,49.4,5.73,,1,7 wickets,lost
ODI # 3798,23-Oct-16,India,6,New Zealand,Mohali,won,289,3,48.2,5.97,286,2,7 wickets,won
ODI # 3799,26-Oct-16,Newzealad,5,India,Ranchi,won,260,7,50,5.2,,1,19 runs,won
ODI # 3799,26-Oct-16,India,6,New Zealand,Ranchi,lost,241,10,48.4,4.95,261,2,19 runs,lost
ODI # 3800,29-Oct-16,Newzealad,5,India,Visakhapatnam,lost,79,10,23.1,3.41,270,2,190 runs,lost
ODI # 3800,29-Oct-16,India,6,New Zealand,Visakhapatnam,won,269,6,50,5.38,,1,190 runs,won
ODI # 3805,16-Nov-16,WestIndies,4,Sri Lanka,Harare,lost,227,10,49.2,4.6,,1,62 runs,won
ODI # 3805,16-Nov-16,SriLanka,8,West Indies,Harare,won,165,10,43.1,3.82,228,2,62 runs,lost
ODI # 3808,23-Nov-16,WestIndies,4,Sri Lanka,Bulawayo,won,329,9,50,6.58,331,2,1 runs,lost
ODI # 3808,23-Nov-16,SriLanka,8,West Indies,Bulawayo,lost,330,7,50,6.6,,1,1 runs,won
ODI # 3811,04-Dec-16,Newzealad,5,Australia,Sydney,lost,256,10,44.2,5.77,325,2,68 runs,lost
ODI # 3811,04-Dec-16,Australia,2,New Zealand,Sydney,won,324,8,50,6.48,,1,68 runs,won
ODI # 3812,06-Dec-16,Newzealad,5,Australia,Canberra,won,262,10,47.2,5.53,379,2,116 runs,lost
ODI # 3812,06-Dec-16,Australia,2,New Zealand,Canberra,lost,378,5,50,7.56,,1,116 runs,won
ODI # 3813,09-Dec-16,Newzealad,5,Australia,Melbourne,lost,147,10,36.1,4.06,265,2,117 runs,lost
ODI # 3813,09-Dec-16,Australia,2,New Zealand,Melbourne,won,264,8,50,5.28,,1,117 runs,won
ODI # 3814,26-Dec-16,Newzealad,5,Bangladesh,Christchurch,won,341,7,50,6.82,,1,77 runs,won
ODI # 3814,26-Dec-16,Bangladesh,25,New Zealand,Christchurch,lost,264,10,44.5,5.88,342,2,77 runs,lost
ODI # 3815,29-Dec-16,Newzealad,5,Bangladesh,Nelson,lost,251,10,50,5.02,,1,67 runs,won
ODI # 3815,29-Dec-16,Bangladesh,25,New Zealand,Nelson,won,184,10,42.4,4.31,252,2,67 runs,lost
ODI # 3816,31-Dec-16,Newzealad,5,Bangladesh,Nelson,lost,239,2,41.2,5.78,237,2,8 wickets,won
ODI # 3816,31-Dec-16,Bangladesh,25,New Zealand,Nelson,won,236,9,50,4.72,,1,8 wickets,lost
ODI # 3817,13-Jan-17,Pakistan,7,Australia,Brisbane,lost,176,10,42.4,4.12,269,2,92 runs,lost
ODI # 3817,13-Jan-17,Australia,2,Pakistan,Brisbane,won,268,9,50,5.36,,1,92 runs,won
ODI # 3818,15-Jan-17,Pakistan,7,Australia,Melbourne,lost,221,4,47.4,4.63,221,2,6 wickets,won
ODI # 3818,15-Jan-17,Australia,2,Pakistan,Melbourne,won,220,10,48.2,4.55,,1,6 wickets,lost
ODI # 3819,15-Jan-17,India,6,England,Pune,won,356,7,48.1,7.39,351,2,3 wickets,won
ODI # 3819,15-Jan-17,England,1,India,Pune,lost,350,7,50,7,,1,3 wickets,lost
ODI # 3820,19-Jan-17,Pakistan,7,Australia,Perth,lost,263,7,50,5.26,,1,7 wickets,lost
ODI # 3820,19-Jan-17,Australia,2,Pakistan,Perth,won,265,3,45,5.88,264,2,7 wickets,won
ODI # 3821,19-Jan-17,India,6,England,Cuttack,lost,381,6,50,7.62,,1,15 runs,won
ODI # 3821,19-Jan-17,England,1,India,Cuttack,won,366,8,50,7.32,382,2,15 runs,lost
ODI # 3822,22-Jan-17,Pakistan,7,Australia,Sydney,lost,267,10,43.5,6.09,354,2,86 runs,lost
ODI # 3822,22-Jan-17,Australia,2,Pakistan,Sydney,won,353,6,50,7.06,,1,86 runs,won
ODI # 3824,22-Jan-17,India,6,England,Kolkata,won,316,9,50,6.32,322,2,5 runs,lost
ODI # 3824,22-Jan-17,England,1,India,Kolkata,lost,321,8,50,6.42,,1,5 runs,won
ODI # 3826,26-Jan-17,Pakistan,7,Australia,Adelaide,lost,312,10,49.1,6.34,370,2,57 runs,lost
ODI # 3826,26-Jan-17,Australia,2,Pakistan,Adelaide,won,369,7,50,7.38,,1,57 runs,won
ODI # 3828,28-Jan-17,SriLanka,8,South Africa,Port Elizabeth,lost,181,10,48.3,3.73,,1,8 wickets,lost
ODI # 3828,28-Jan-17,SouthAfrica,3,Sri Lanka,Port Elizabeth,won,185,2,34.2,5.38,182,2,8 wickets,won
ODI # 3829,30-Jan-17,Newzealad,5,Australia,Auckland,lost,286,9,50,5.72,,1,6 runs,won
ODI # 3829,30-Jan-17,Australia,2,New Zealand,Auckland,won,280,10,47,5.95,287,2,6 runs,lost
ODI # 3830,01-Feb-17,SriLanka,8,South Africa,Durban,won,186,10,37.5,4.91,308,2,121 runs,lost
ODI # 3830,01-Feb-17,SouthAfrica,3,Sri Lanka,Durban,lost,307,6,50,6.14,,1,121 runs,won
ODI # 3831,04-Feb-17,SriLanka,8,South Africa,Johannesburg,lost,163,10,39.2,4.14,,1,7 wickets,lost
ODI # 3831,04-Feb-17,SouthAfrica,3,Sri Lanka,Johannesburg,won,164,3,32,5.12,164,2,7 wickets,won
ODI # 3832,05-Feb-17,Newzealad,5,Australia,Hamilton,won,281,9,50,5.62,,1,24 runs,won
ODI # 3832,05-Feb-17,Australia,2,New Zealand,Hamilton,lost,257,10,47,5.46,282,2,24 runs,lost
ODI # 3833,07-Feb-17,SriLanka,8,South Africa,Cape Town,lost,327,10,48.1,6.78,368,2,40 runs,lost
ODI # 3833,07-Feb-17,SouthAfrica,3,Sri Lanka,Cape Town,won,367,5,50,7.34,,1,40 runs,won
ODI # 3834,10-Feb-17,SriLanka,8,South Africa,Centurion,won,296,8,50,5.92,385,2,88 runs,lost
ODI # 3834,10-Feb-17,SouthAfrica,3,Sri Lanka,Centurion,lost,384,6,50,7.68,,1,88 runs,won
ODI # 3836,19-Feb-17,SouthAfrica,3,New Zealand,Hamilton,won,210,6,33.5,6.2,208,2,4 wickets,won
ODI # 3836,19-Feb-17,Newzealad,5,South Africa,Hamilton,lost,207,7,34,6.08,,1,4 wickets,lost
ODI # 3839,22-Feb-17,SouthAfrica,3,New Zealand,Christchurch,won,283,9,50,5.66,290,2,6 runs,lost
ODI # 3839,22-Feb-17,Newzealad,5,South Africa,Christchurch,lost,289,4,50,5.78,,1,6 runs,won
ODI # 3841,25-Feb-17,SouthAfrica,3,New Zealand,Wellington,won,271,8,50,5.42,,1,159 runs,won
ODI # 3841,25-Feb-17,Newzealad,5,South Africa,Wellington,lost,112,10,32.2,3.46,272,2,159 runs,lost
ODI # 3843,01-Mar-17,SouthAfrica,3,New Zealand,Hamilton,won,279,8,50,5.58,,1,7 wickets,lost
ODI # 3843,01-Mar-17,Newzealad,5,South Africa,Hamilton,lost,280,3,45,6.22,280,2,7 wickets,won
ODI # 3845,03-Mar-17,WestIndies,4,England,North Sound,won,251,10,47.2,5.3,297,2,45 runs,lost
ODI # 3845,03-Mar-17,England,1,West Indies,North Sound,lost,296,6,50,5.92,,1,45 runs,won
ODI # 3846,04-Mar-17,SouthAfrica,3,New Zealand,Auckland,won,150,4,32.2,4.63,150,2,6 wickets,won
ODI # 3846,04-Mar-17,Newzealad,5,South Africa,Auckland,lost,149,10,41.1,3.61,,1,6 wickets,lost
ODI # 3848,05-Mar-17,WestIndies,4,England,North Sound,won,225,10,47.5,4.7,,1,4 wickets,lost
ODI # 3848,05-Mar-17,England,1,West Indies,North Sound,lost,226,6,48.2,4.67,226,2,4 wickets,won
ODI # 3849,09-Mar-17,WestIndies,4,England,Bridgetown,won,142,10,39.2,3.61,329,2,186 runs,lost
ODI # 3849,09-Mar-17,England,1,West Indies,Bridgetown,lost,328,10,50,6.56,,1,186 runs,won
ODI # 3855,25-Mar-17,SriLanka,8,Bangladesh,Dambulla,won,234,10,45.1,5.18,325,2,90 runs,lost
ODI # 3855,25-Mar-17,Bangladesh,25,Sri Lanka,Dambulla,lost,324,5,50,6.48,,1,90 runs,won
ODI # 3858,01-Apr-17,SriLanka,8,Bangladesh,Colombo (SSC),lost,280,9,50,5.6,,1,70 runs,won
ODI # 3858,01-Apr-17,Bangladesh,25,Sri Lanka,Colombo (SSC),won,210,10,44.3,4.71,281,2,70 runs,lost
ODI # 3861,07-Apr-17,WestIndies,4,Pakistan,Providence,won,309,6,49,6.3,309,2,4 wickets,won
ODI # 3861,07-Apr-17,Pakistan,7,West Indies,Providence,lost,308,5,50,6.16,,1,4 wickets,lost
ODI # 3862,09-Apr-17,WestIndies,4,Pakistan,Providence,won,208,10,44.5,4.63,283,2,74 runs,lost
ODI # 3862,09-Apr-17,Pakistan,7,West Indies,Providence,lost,282,5,50,5.64,,1,74 runs,won
ODI # 3863,11-Apr-17,WestIndies,4,Pakistan,Providence,won,233,9,50,4.66,,1,6 wickets,lost
ODI # 3863,11-Apr-17,Pakistan,7,West Indies,Providence,lost,236,4,43.1,5.46,234,2,6 wickets,won
ODI # 3868,17-May-17,Newzealad,5,Bangladesh,Dublin,won,258,6,47.3,5.43,258,2,4 wickets,won
ODI # 3868,17-May-17,Bangladesh,25,New Zealand,Dublin,lost,257,9,50,5.14,,1,4 wickets,lost
ODI # 3871,24-May-17,Newzealad,5,Bangladesh,Dublin,lost,270,8,50,5.4,,1,5 wickets,lost
ODI # 3871,24-May-17,Bangladesh,25,New Zealand,Dublin,won,271,5,48.2,5.6,271,2,5 wickets,won
ODI # 3872,24-May-17,SouthAfrica,3,England,Leeds,won,267,10,45,5.93,340,2,72 runs,lost
ODI # 3872,24-May-17,England,1,South Africa,Leeds,lost,339,6,50,6.78,,1,72 runs,won
ODI # 3873,27-May-17,SouthAfrica,3,England,Southampton,won,328,5,50,6.56,331,2,2 runs,lost
ODI # 3873,27-May-17,England,1,South Africa,Southampton,lost,330,6,50,6.6,,1,2 runs,won
ODI # 3874,29-May-17,SouthAfrica,3,England,Lord's,won,156,3,28.5,5.41,154,2,7 wickets,won
ODI # 3874,29-May-17,England,1,South Africa,Lord's,lost,153,10,31.1,4.9,,1,7 wickets,lost
ODI # 3875,01-Jun-17,England,1,Bangladesh,The Oval,won,308,2,47.2,6.5,306,2,8 wickets,won
ODI # 3875,01-Jun-17,Bangladesh,25,England,The Oval,lost,305,6,50,6.1,,1,8 wickets,lost
ODI # 3877,03-Jun-17,SriLanka,8,South Africa,The Oval,won,203,10,41.3,4.89,300,2,96 runs,lost
ODI # 3877,03-Jun-17,SouthAfrica,3,Sri Lanka,The Oval,lost,299,6,50,5.98,,1,96 runs,won
ODI # 3878,04-Jun-17,Pakistan,7,India,Birmingham,won,164,10,33.4,4.87,289,2,124 runs,lost
ODI # 3878,04-Jun-17,India,6,Pakistan,Birmingham,lost,319,3,48,6.64,,1,124 runs,won
ODI # 3880,06-Jun-17,Newzealad,5,England,Cardiff,won,223,10,44.3,5.01,311,2,87 runs,lost
ODI # 3880,06-Jun-17,England,1,New Zealand,Cardiff,lost,310,10,49.3,6.26,,1,87 runs,won
ODI # 3881,07-Jun-17,SouthAfrica,3,Pakistan,Birmingham,won,219,8,50,4.38,,1,19 runs,lost
ODI # 3881,07-Jun-17,Pakistan,7,South Africa,Birmingham,lost,119,3,27,4.4,101,2,19 runs,won
ODI # 3882,08-Jun-17,SriLanka,8,India,The Oval,won,322,3,48.4,6.61,322,2,7 wickets,won
ODI # 3882,08-Jun-17,India,6,Sri Lanka,The Oval,lost,321,6,50,6.42,,1,7 wickets,lost
ODI # 3883,09-Jun-17,Newzealad,5,Bangladesh,Cardiff,won,265,8,50,5.3,,1,5 wickets,lost
ODI # 3883,09-Jun-17,Bangladesh,25,New Zealand,Cardiff,lost,268,5,47.2,5.66,266,2,5 wickets,won
ODI # 3884,09-Jun-17,WestIndies,4,Afghanistan,Gros Islet,lost,149,10,44.4,3.33,213,2,63 runs,lost
ODI # 3884,09-Jun-17,Afghanistan,40,West Indies,Gros Islet,won,212,6,50,4.24,,1,63 runs,won
ODI # 3885,10-Jun-17,England,1,Australia,Birmingham,won,240,4,40.2,5.95,201,2,40 runs,won
ODI # 3885,10-Jun-17,Australia,2,England,Birmingham,lost,277,9,50,5.54,,1,40 runs,lost
ODI # 3886,11-Jun-17,SouthAfrica,3,India,The Oval,lost,191,10,44.3,4.29,,1,8 wickets,lost
ODI # 3886,11-Jun-17,India,6,South Africa,The Oval,won,193,2,38,5.07,192,2,8 wickets,won
ODI # 3887,11-Jun-17,WestIndies,4,Afghanistan,Gros Islet,lost,138,6,39.2,3.5,136,2,4 wickets,won
ODI # 3887,11-Jun-17,Afghanistan,40,West Indies,Gros Islet,won,135,10,37.3,3.6,,1,4 wickets,lost
ODI # 3888,12-Jun-17,SriLanka,8,Pakistan,Cardiff,lost,236,10,49.2,4.78,,1,3 wickets,lost
ODI # 3888,12-Jun-17,Pakistan,7,Sri Lanka,Cardiff,won,237,7,44.5,5.28,237,2,3 wickets,won
ODI # 3889,14-Jun-17,Pakistan,7,England,Cardiff,won,215,2,37.1,5.78,212,2,8 wickets,won
ODI # 3889,14-Jun-17,England,1,Pakistan,Cardiff,lost,211,10,49.5,4.23,,1,8 wickets,lost
ODI # 3891,15-Jun-17,India,6,Bangladesh,Birmingham,won,265,1,40.1,6.59,265,2,9 wickets,won
ODI # 3891,15-Jun-17,Bangladesh,25,India,Birmingham,lost,264,7,50,5.28,,1,9 wickets,lost
ODI # 3894,18-Jun-17,Pakistan,7,India,The Oval,lost,338,4,50,6.76,,1,180 runs,won
ODI # 3894,18-Jun-17,India,6,Pakistan,The Oval,won,158,10,30.3,5.18,339,2,180 runs,lost
ODI # 3896,25-Jun-17,WestIndies,4,India,Port of Spain,won,205,6,43,4.76,311,2,105 runs,lost
ODI # 3896,25-Jun-17,India,6,West Indies,Port of Spain,lost,310,5,43,7.2,,1,105 runs,won
ODI # 3898,30-Jun-17,WestIndies,4,India,North Sound,won,158,10,38.1,4.13,252,2,93 runs,lost
ODI # 3898,30-Jun-17,India,6,West Indies,North Sound,lost,251,4,50,5.02,,1,93 runs,won
ODI # 3900,02-Jul-17,WestIndies,4,India,North Sound,won,189,9,50,3.78,,1,11 runs,won
ODI # 3900,02-Jul-17,India,6,West Indies,North Sound,lost,178,10,49.4,3.58,190,2,11 runs,lost
ODI # 3902,06-Jul-17,WestIndies,4,India,Kingston,won,205,9,50,4.1,,1,8 wickets,lost
ODI # 3902,06-Jul-17,India,6,West Indies,Kingston,lost,206,2,36.5,5.59,206,2,8 wickets,won
ODI # 3905,20-Aug-17,SriLanka,8,India,Dambulla,lost,216,10,43.2,4.98,,1,9 wickets,lost
ODI # 3905,20-Aug-17,India,6,Sri Lanka,Dambulla,won,220,1,28.5,7.63,217,2,9 wickets,won
ODI # 3906,24-Aug-17,SriLanka,8,India,Pallekele,lost,236,8,50,4.72,,1,3 wickets,lost
ODI # 3906,24-Aug-17,India,6,Sri Lanka,Pallekele,won,231,7,44.2,5.21,231,2,3 wickets,won
ODI # 3907,27-Aug-17,SriLanka,8,India,Pallekele,won,217,9,50,4.34,,1,6 wickets,lost
ODI # 3907,27-Aug-17,India,6,Sri Lanka,Pallekele,lost,218,4,45.1,4.82,218,2,6 wickets,won
ODI # 3908,31-Aug-17,SriLanka,8,India,Colombo (RPS),lost,207,10,42.4,4.85,376,2,168 runs,lost
ODI # 3908,31-Aug-17,India,6,Sri Lanka,Colombo (RPS),won,375,5,50,7.5,,1,168 runs,won
ODI # 3909,03-Sep-17,SriLanka,8,India,Colombo (RPS),won,238,10,49.4,4.79,,1,6 wickets,lost
ODI # 3909,03-Sep-17,India,6,Sri Lanka,Colombo (RPS),lost,239,4,46.3,5.13,239,2,6 wickets,won
ODI # 3910,17-Sep-17,India,6,Australia,Chennai,won,281,7,50,5.62,,1,26 runs,won
ODI # 3910,17-Sep-17,Australia,2,India,Chennai,lost,137,9,21,6.52,164,2,26 runs,lost
ODI # 3911,19-Sep-17,WestIndies,4,England,Manchester,won,204,9,42,4.85,,1,7 wickets,lost
ODI # 3911,19-Sep-17,England,1,West Indies,Manchester,lost,210,3,30.5,6.81,205,2,7 wickets,won
ODI # 3912,21-Sep-17,India,6,Australia,Kolkata,won,252,10,50,5.04,,1,50 runs,won
ODI # 3912,21-Sep-17,Australia,2,India,Kolkata,lost,202,10,43.1,4.67,253,2,50 runs,lost
ODI # 3914,24-Sep-17,India,6,Australia,Indore,lost,294,5,47.5,6.14,294,2,5 wickets,won
ODI # 3914,24-Sep-17,Australia,2,India,Indore,won,293,6,50,5.86,,1,5 wickets,lost
ODI # 3915,24-Sep-17,WestIndies,4,England,Bristol,won,245,10,39.1,6.25,370,2,124 runs,lost
ODI # 3915,24-Sep-17,England,1,West Indies,Bristol,lost,369,9,50,7.38,,1,124 runs,won
ODI # 3916,27-Sep-17,WestIndies,4,England,The Oval,lost,356,5,50,7.12,,1,6 runs,lost
ODI # 3916,27-Sep-17,England,1,West Indies,The Oval,won,258,5,35.1,7.33,253,2,6 runs,won
ODI # 3917,28-Sep-17,India,6,Australia,Bengaluru,lost,313,8,50,6.26,335,2,21 runs,lost
ODI # 3917,28-Sep-17,Australia,2,India,Bengaluru,won,334,5,50,6.68,,1,21 runs,won
ODI # 3918,29-Sep-17,WestIndies,4,England,Southampton,lost,288,6,50,5.76,,1,9 wickets,lost
ODI # 3918,29-Sep-17,England,1,West Indies,Southampton,won,294,1,38,7.73,289,2,9 wickets,won
ODI # 3919,01-Oct-17,India,6,Australia,Nagpur,lost,243,3,42.5,5.67,243,2,7 wickets,won
ODI # 3919,01-Oct-17,Australia,2,India,Nagpur,won,242,9,50,4.84,,1,7 wickets,lost
ODI # 3922,13-Oct-17,SriLanka,8,Pakistan,Dubai (DSC),won,209,8,50,4.18,293,2,83 runs,lost
ODI # 3922,13-Oct-17,Pakistan,7,Sri Lanka,Dubai (DSC),lost,292,6,50,5.84,,1,83 runs,won
ODI # 3923,15-Oct-17,SouthAfrica,3,Bangladesh,Kimberley,lost,282,0,42.5,6.58,279,2,10 wickets,won
ODI # 3923,15-Oct-17,Bangladesh,25,South Africa,Kimberley,won,278,7,50,5.56,,1,10 wickets,lost
ODI # 3924,16-Oct-17,SriLanka,8,Pakistan,Abu Dhabi,lost,187,10,48,3.89,220,2,32 runs,lost
ODI # 3924,16-Oct-17,Pakistan,7,Sri Lanka,Abu Dhabi,won,219,9,50,4.38,,1,32 runs,won
ODI # 3925,18-Oct-17,SouthAfrica,3,Bangladesh,Paarl,lost,353,6,50,7.06,,1,104 runs,won
ODI # 3925,18-Oct-17,Bangladesh,25,South Africa,Paarl,won,249,10,47.5,5.2,354,2,104 runs,lost
ODI # 3926,18-Oct-17,SriLanka,8,Pakistan,Abu Dhabi,won,208,10,48.2,4.3,,1,7 wickets,lost
ODI # 3926,18-Oct-17,Pakistan,7,Sri Lanka,Abu Dhabi,lost,209,3,42.3,4.91,209,2,7 wickets,won
ODI # 3927,20-Oct-17,SriLanka,8,Pakistan,Sharjah,won,173,10,43.4,3.96,,1,7 wickets,lost
ODI # 3927,20-Oct-17,Pakistan,7,Sri Lanka,Sharjah,lost,177,3,39,4.53,174,2,7 wickets,won
ODI # 3928,22-Oct-17,Newzealad,5,India,Mumbai,lost,284,4,49,5.79,281,2,6 wickets,won
ODI # 3928,22-Oct-17,India,6,New Zealand,Mumbai,won,280,8,50,5.6,,1,6 wickets,lost
ODI # 3929,22-Oct-17,SouthAfrica,3,Bangladesh,East London,won,369,6,50,7.38,,1,200 runs,won
ODI # 3929,22-Oct-17,Bangladesh,25,South Africa,East London,lost,169,10,40.4,4.15,370,2,200 runs,lost
ODI # 3930,23-Oct-17,SriLanka,8,Pakistan,Sharjah,won,103,10,26.2,3.91,,1,9 wickets,lost
ODI # 3930,23-Oct-17,Pakistan,7,Sri Lanka,Sharjah,lost,105,1,20.2,5.16,104,2,9 wickets,won
ODI # 3931,25-Oct-17,Newzealad,5,India,Pune,won,230,9,50,4.6,,1,6 wickets,lost
ODI # 3931,25-Oct-17,India,6,New Zealand,Pune,lost,232,4,46,5.04,231,2,6 wickets,won
ODI # 3932,29-Oct-17,Newzealad,5,India,Kanpur,won,331,7,50,6.62,338,2,6 runs,lost
ODI # 3932,29-Oct-17,India,6,New Zealand,Kanpur,lost,337,6,50,6.74,,1,6 runs,won
ODI # 3939,10-Dec-17,SriLanka,8,India,Dharamsala,won,114,3,20.4,5.51,113,2,7 wickets,won
ODI # 3939,10-Dec-17,India,6,Sri Lanka,Dharamsala,lost,112,10,38.2,2.92,,1,7 wickets,lost
ODI # 3941,13-Dec-17,SriLanka,8,India,Mohali,won,251,8,50,5.02,393,2,141 runs,lost
ODI # 3941,13-Dec-17,India,6,Sri Lanka,Mohali,lost,392,4,50,7.84,,1,141 runs,won
ODI # 3942,17-Dec-17,SriLanka,8,India,Visakhapatnam,lost,215,10,44.5,4.79,,1,8 wickets,lost
ODI # 3942,17-Dec-17,India,6,Sri Lanka,Visakhapatnam,won,219,2,32.1,6.8,216,2,8 wickets,won
ODI # 3943,20-Dec-17,WestIndies,4,New Zealand,Whangarei,lost,248,9,50,4.96,,1,5 wickets,lost
ODI # 3943,20-Dec-17,Newzealad,5,West Indies,Whangarei,won,249,5,46,5.41,249,2,5 wickets,won
ODI # 3944,23-Dec-17,WestIndies,4,New Zealand,Christchurch,won,121,10,28,4.32,326,2,204 runs,lost
ODI # 3944,23-Dec-17,Newzealad,5,West Indies,Christchurch,lost,325,6,50,6.5,,1,204 runs,won
ODI # 3945,26-Dec-17,WestIndies,4,New Zealand,Christchurch,lost,99,9,23,4.3,166,2,66 runs,lost
ODI # 3945,26-Dec-17,Newzealad,5,West Indies,Christchurch,won,131,4,23,5.69,,1,66 runs,won
ODI # 3946,06-Jan-18,Pakistan,7,New Zealand,Wellington,won,166,6,30.1,5.5,228,2,61 runs,lost
ODI # 3946,06-Jan-18,Newzealad,5,Pakistan,Wellington,lost,315,7,50,6.3,,1,61 runs,won
ODI # 3947,09-Jan-18,Pakistan,7,New Zealand,Nelson,won,246,9,50,4.92,,1,8 wickets,lost
ODI # 3947,09-Jan-18,Newzealad,5,Pakistan,Nelson,lost,151,2,23.5,6.33,151,2,8 wickets,won
ODI # 3949,13-Jan-18,Pakistan,7,New Zealand,Dunedin,lost,74,10,27.2,2.7,258,2,183 runs,lost
ODI # 3949,13-Jan-18,Newzealad,5,Pakistan,Dunedin,won,257,10,50,5.14,,1,183 runs,won
ODI # 3951,14-Jan-18,England,1,Australia,Melbourne,won,308,5,48.5,6.3,305,2,5 wickets,won
ODI # 3951,14-Jan-18,Australia,2,England,Melbourne,lost,304,8,50,6.08,,1,5 wickets,lost
ODI # 3953,16-Jan-18,Pakistan,7,New Zealand,Hamilton,won,262,8,50,5.24,,1,5 wickets,lost
ODI # 3953,16-Jan-18,Newzealad,5,Pakistan,Hamilton,lost,263,5,45.5,5.73,263,2,5 wickets,won
ODI # 3957,19-Jan-18,Pakistan,7,New Zealand,Wellington,lost,256,10,49,5.22,272,2,15 runs,lost
ODI # 3957,19-Jan-18,Newzealad,5,Pakistan,Wellington,won,271,7,50,5.42,,1,15 runs,won
ODI # 3958,19-Jan-18,England,1,Australia,Brisbane,lost,274,6,44.2,6.18,271,2,4 wickets,won
ODI # 3958,19-Jan-18,Australia,2,England,Brisbane,won,270,9,50,5.4,,1,4 wickets,lost
ODI # 3959,19-Jan-18,SriLanka,8,Bangladesh,Dhaka,lost,157,10,32.2,4.85,321,2,163 runs,lost
ODI # 3959,19-Jan-18,Bangladesh,25,Sri Lanka,Dhaka,won,320,7,50,6.4,,1,163 runs,won
ODI # 3960,21-Jan-18,England,1,Australia,Sydney,lost,302,6,50,6.04,,1,16 runs,won
ODI # 3960,21-Jan-18,Australia,2,England,Sydney,won,286,6,50,5.72,303,2,16 runs,lost
ODI # 3965,25-Jan-18,SriLanka,8,Bangladesh,Dhaka,lost,83,0,11.5,7.01,83,2,10 wickets,won
ODI # 3965,25-Jan-18,Bangladesh,25,Sri Lanka,Dhaka,won,82,10,24,3.41,,1,10 wickets,lost
ODI # 3966,26-Jan-18,England,1,Australia,Adelaide,lost,196,10,44.5,4.37,,1,3 wickets,lost
ODI # 3966,26-Jan-18,Australia,2,England,Adelaide,won,197,7,37,5.32,197,2,3 wickets,won
ODI # 3967,27-Jan-18,SriLanka,8,Bangladesh,Dhaka,won,221,10,50,4.42,,1,79 runs,won
ODI # 3967,27-Jan-18,Bangladesh,25,Sri Lanka,Dhaka,lost,142,10,41.1,3.44,222,2,79 runs,lost
ODI # 3968,28-Jan-18,England,1,Australia,Perth,lost,259,10,47.4,5.43,,1,12 runs,won
ODI # 3968,28-Jan-18,Australia,2,England,Perth,won,247,10,48.2,5.11,260,2,12 runs,lost
ODI # 3969,01-Feb-18,SouthAfrica,3,India,Durban,won,269,8,50,5.38,,1,6 wickets,lost
ODI # 3969,01-Feb-18,India,6,South Africa,Durban,lost,270,4,45.3,5.93,270,2,6 wickets,won
ODI # 3970,04-Feb-18,SouthAfrica,3,India,Centurion,lost,118,10,32.2,3.64,,1,9 wickets,lost
ODI # 3970,04-Feb-18,India,6,South Africa,Centurion,won,119,1,20.3,5.8,119,2,9 wickets,won
ODI # 3971,07-Feb-18,SouthAfrica,3,India,Cape Town,won,179,10,40,4.47,304,2,124 runs,lost
ODI # 3971,07-Feb-18,India,6,South Africa,Cape Town,lost,303,6,50,6.06,,1,124 runs,won
ODI # 3973,10-Feb-18,SouthAfrica,3,India,Johannesburg,lost,207,5,25.3,8.11,202,2,5 wickets,won
ODI # 3973,10-Feb-18,India,6,South Africa,Johannesburg,won,289,7,50,5.78,,1,5 wickets,lost
ODI # 3976,13-Feb-18,SouthAfrica,3,India,Port Elizabeth,won,201,10,42.2,4.74,275,2,73 runs,lost
ODI # 3976,13-Feb-18,India,6,South Africa,Port Elizabeth,lost,274,7,50,5.48,,1,73 runs,won
ODI # 3978,16-Feb-18,SouthAfrica,3,India,Centurion,lost,204,10,46.5,4.35,,1,8 wickets,lost
ODI # 3978,16-Feb-18,India,6,South Africa,Centurion,won,206,2,32.1,6.4,205,2,8 wickets,won
ODI # 3980,25-Feb-18,Newzealad,5,England,Hamilton,won,287,7,49.2,5.81,285,2,3 wickets,won
ODI # 3980,25-Feb-18,England,1,New Zealand,Hamilton,lost,284,8,50,5.68,,1,3 wickets,lost
ODI # 3981,28-Feb-18,Newzealad,5,England,Mount Maunganui,lost,223,10,49.4,4.48,,1,6 wickets,lost
ODI # 3981,28-Feb-18,England,1,New Zealand,Mount Maunganui,won,225,4,37.5,5.94,224,2,6 wickets,won
ODI # 3982,03-Mar-18,Newzealad,5,England,Wellington,won,230,8,50,4.6,235,2,4 runs,lost
ODI # 3982,03-Mar-18,England,1,New Zealand,Wellington,lost,234,10,50,4.68,,1,4 runs,won
ODI # 3989,07-Mar-18,Newzealad,5,England,Dunedin,won,339,5,49.3,6.84,336,2,5 wickets,won
ODI # 3989,07-Mar-18,England,1,New Zealand,Dunedin,lost,335,9,50,6.7,,1,5 wickets,lost
ODI # 3992,10-Mar-18,Newzealad,5,England,Christchurch,lost,223,10,49.5,4.47,,1,7 wickets,lost
ODI # 3992,10-Mar-18,England,1,New Zealand,Christchurch,won,229,3,32.4,7.01,224,2,7 wickets,won
ODI # 3997,15-Mar-18,WestIndies,4,Afghanistan,Harare,won,197,8,50,3.94,,1,3 wickets,lost
ODI # 3997,15-Mar-18,Afghanistan,40,West Indies,Harare,lost,198,7,47.4,4.15,198,2,3 wickets,won
ODI # 4007,25-Mar-18,WestIndies,4,Afghanistan,Harare,won,204,10,46.5,4.35,,1,7 wickets,lost
ODI # 4007,25-Mar-18,Afghanistan,40,West Indies,Harare,lost,206,3,40.4,5.06,205,2,7 wickets,won
ODI # 4009,13-Jun-18,England,1,Australia,The Oval,lost,218,7,44,4.95,215,2,3 wickets,won
ODI # 4009,13-Jun-18,Australia,2,England,The Oval,won,214,10,47,4.55,,1,3 wickets,lost
ODI # 4010,16-Jun-18,England,1,Australia,Cardiff,lost,342,8,50,6.84,,1,38 runs,won
ODI # 4010,16-Jun-18,Australia,2,England,Cardiff,won,304,10,47.1,6.44,343,2,38 runs,lost
ODI # 4011,19-Jun-18,England,1,Australia,Nottingham,lost,481,6,50,9.62,,1,242 runs,won
ODI # 4011,19-Jun-18,Australia,2,England,Nottingham,won,239,10,37,6.45,482,2,242 runs,lost
ODI # 4012,21-Jun-18,England,1,Australia,Chester-le-Street,lost,314,4,44.4,7.02,311,2,6 wickets,won
ODI # 4012,21-Jun-18,Australia,2,England,Chester-le-Street,won,310,8,50,6.2,,1,6 wickets,lost
ODI # 4013,24-Jun-18,England,1,Australia,Manchester,lost,208,9,48.3,4.28,206,2,1 wickets,won
ODI # 4013,24-Jun-18,Australia,2,England,Manchester,won,205,10,34.4,5.91,,1,1 wickets,lost
ODI # 4014,12-Jul-18,India,6,England,Nottingham,won,269,2,40.1,6.69,269,2,8 wickets,won
ODI # 4014,12-Jul-18,England,1,India,Nottingham,lost,268,10,49.5,5.37,,1,8 wickets,lost
ODI # 4016,14-Jul-18,India,6,England,Lord's,lost,236,10,50,4.72,323,2,86 runs,lost
ODI # 4016,14-Jul-18,England,1,India,Lord's,won,322,7,50,6.44,,1,86 runs,won
ODI # 4018,17-Jul-18,India,6,England,Leeds,lost,256,8,50,5.12,,1,8 wickets,lost
ODI # 4018,17-Jul-18,England,1,India,Leeds,won,260,2,44.3,5.84,257,2,8 wickets,won
ODI # 4022,22-Jul-18,WestIndies,4,Bangladesh,Providence,lost,231,9,50,4.62,280,2,48 runs,lost
ODI # 4022,22-Jul-18,Bangladesh,25,West Indies,Providence,won,279,4,50,5.58,,1,48 runs,won
ODI # 4023,25-Jul-18,WestIndies,4,Bangladesh,Providence,lost,271,10,49.3,5.47,,1,3 runs,won
ODI # 4023,25-Jul-18,Bangladesh,25,West Indies,Providence,won,268,6,50,5.36,272,2,3 runs,lost
ODI # 4024,28-Jul-18,WestIndies,4,Bangladesh,Basseterre,lost,283,6,50,5.66,302,2,18 runs,lost
ODI # 4024,28-Jul-18,Bangladesh,25,West Indies,Basseterre,won,301,6,50,6.02,,1,18 runs,won
ODI # 4025,29-Jul-18,SriLanka,8,South Africa,Dambulla,won,193,10,34.3,5.59,,1,5 wickets,lost
ODI # 4025,29-Jul-18,SouthAfrica,3,Sri Lanka,Dambulla,lost,196,5,31,6.32,194,2,5 wickets,won
ODI # 4027,01-Aug-18,SriLanka,8,South Africa,Dambulla,won,244,8,50,4.88,,1,4 wickets,lost
ODI # 4027,01-Aug-18,SouthAfrica,3,Sri Lanka,Dambulla,lost,246,6,42.5,5.74,245,2,4 wickets,won
ODI # 4029,05-Aug-18,SriLanka,8,South Africa,Pallekele,won,285,10,45.2,6.28,364,2,78 runs,lost
ODI # 4029,05-Aug-18,SouthAfrica,3,Sri Lanka,Pallekele,lost,363,7,50,7.26,,1,78 runs,won
ODI # 4030,08-Aug-18,SriLanka,8,South Africa,Pallekele,lost,306,7,39,7.84,,1,3 runs,won
ODI # 4030,08-Aug-18,SouthAfrica,3,Sri Lanka,Pallekele,won,187,9,21,8.9,191,2,3 runs,lost
ODI # 4031,12-Aug-18,SriLanka,8,South Africa,Colombo (RPS),won,299,8,50,5.98,,1,178 runs,won
ODI # 4031,12-Aug-18,SouthAfrica,3,Sri Lanka,Colombo (RPS),lost,121,10,24.4,4.9,300,2,178 runs,lost
ODI # 4036,15-Sep-18,SriLanka,8,Bangladesh,Dubai (DSC),lost,124,10,35.2,3.5,262,2,137 runs,lost
ODI # 4036,15-Sep-18,Bangladesh,25,Sri Lanka,Dubai (DSC),won,261,10,49.3,5.27,,1,137 runs,won
ODI # 4038,17-Sep-18,SriLanka,8,Afghanistan,Abu Dhabi,lost,158,10,41.2,3.82,250,2,91 runs,lost
ODI # 4038,17-Sep-18,Afghanistan,40,Sri Lanka,Abu Dhabi,won,249,10,50,4.98,,1,91 runs,won
ODI # 4040,19-Sep-18,Pakistan,7,India,Dubai (DSC),won,162,10,43.1,3.75,,1,8 wickets,lost
ODI # 4040,19-Sep-18,India,6,Pakistan,Dubai (DSC),lost,164,2,29,5.65,163,2,8 wickets,won
ODI # 4041,20-Sep-18,Bangladesh,25,Afghanistan,Abu Dhabi,lost,119,10,42.1,2.82,256,2,136 runs,lost
ODI # 4041,20-Sep-18,Afghanistan,40,Bangladesh,Abu Dhabi,won,255,7,50,5.1,,1,136 runs,won
ODI # 4042,21-Sep-18,India,6,Bangladesh,Dubai (DSC),won,174,3,36.2,4.78,174,2,7 wickets,won
ODI # 4042,21-Sep-18,Bangladesh,25,India,Dubai (DSC),lost,173,10,49.1,3.51,,1,7 wickets,lost
ODI # 4043,21-Sep-18,Pakistan,7,Afghanistan,Abu Dhabi,lost,258,7,49.3,5.21,258,2,3 wickets,won
ODI # 4043,21-Sep-18,Afghanistan,40,Pakistan,Abu Dhabi,won,257,6,50,5.14,,1,3 wickets,lost
ODI # 4044,23-Sep-18,Pakistan,7,India,Dubai (DSC),won,237,7,50,4.74,,1,9 wickets,lost
ODI # 4044,23-Sep-18,India,6,Pakistan,Dubai (DSC),lost,238,1,39.3,6.02,238,2,9 wickets,won
ODI # 4045,23-Sep-18,Bangladesh,25,Afghanistan,Abu Dhabi,won,249,7,50,4.98,,1,3 runs,won
ODI # 4045,23-Sep-18,Afghanistan,40,Bangladesh,Abu Dhabi,lost,246,7,50,4.92,250,2,3 runs,lost
ODI # 4047,26-Sep-18,Pakistan,7,Bangladesh,Abu Dhabi,lost,202,9,50,4.04,240,2,37 runs,lost
ODI # 4047,26-Sep-18,Bangladesh,25,Pakistan,Abu Dhabi,won,239,10,48.5,4.89,,1,37 runs,won
ODI # 4048,28-Sep-18,India,6,Bangladesh,Dubai (DSC),won,223,7,50,4.46,223,2,3 wickets,won
ODI # 4048,28-Sep-18,Bangladesh,25,India,Dubai (DSC),lost,222,10,48.3,4.57,,1,3 wickets,lost
ODI # 4053,13-Oct-18,SriLanka,8,England,Dambulla,won,140,5,29,4.82,172,2,31 runs,lost
ODI # 4053,13-Oct-18,England,1,Sri Lanka,Dambulla,lost,278,9,50,5.56,,1,31 runs,won
ODI # 4054,17-Oct-18,SriLanka,8,England,Pallekele,lost,150,9,21,7.14,,1,7 wickets,lost
ODI # 4054,17-Oct-18,England,1,Sri Lanka,Pallekele,won,153,3,18.3,8.27,151,2,7 wickets,won
ODI # 4055,20-Oct-18,SriLanka,8,England,Pallekele,lost,273,7,50,5.46,,1,18 runs,lost
ODI # 4055,20-Oct-18,England,1,Sri Lanka,Pallekele,won,132,2,27,4.88,115,2,18 runs,won
ODI # 4056,21-Oct-18,WestIndies,4,India,Guwahati,lost,322,8,50,6.44,,1,8 wickets,lost
ODI # 4056,21-Oct-18,India,6,West Indies,Guwahati,won,326,2,42.1,7.73,323,2,8 wickets,won
ODI # 4058,23-Oct-18,SriLanka,8,England,Colombo (RPS),won,366,6,50,7.32,,1,219 runs,won
ODI # 4058,23-Oct-18,England,1,Sri Lanka,Colombo (RPS),lost,132,9,26.1,5.04,352,2,219 runs,lost
ODI # 4062,27-Oct-18,WestIndies,4,India,Pune,lost,283,9,50,5.66,,1,43 runs,won
ODI # 4062,27-Oct-18,India,6,West Indies,Pune,won,240,10,47.4,5.03,284,2,43 runs,lost
ODI # 4063,29-Oct-18,WestIndies,4,India,Mumbai (BS),lost,153,10,36.2,4.21,378,2,224 runs,lost
ODI # 4063,29-Oct-18,India,6,West Indies,Mumbai (BS),won,377,5,50,7.54,,1,224 runs,won
ODI # 4064,01-Nov-18,WestIndies,4,India,Thiruvananthapuram,won,104,10,31.5,3.26,,1,9 wickets,lost
ODI # 4064,01-Nov-18,India,6,West Indies,Thiruvananthapuram,lost,105,1,14.5,7.07,105,2,9 wickets,won
ODI # 4065,04-Nov-18,SouthAfrica,3,Australia,Perth,won,153,4,29.2,5.21,153,2,6 wickets,won
ODI # 4065,04-Nov-18,Australia,2,South Africa,Perth,lost,152,10,38.1,3.98,,1,6 wickets,lost
ODI # 4066,07-Nov-18,Pakistan,7,New Zealand,Abu Dhabi,lost,219,10,47.2,4.62,267,2,47 runs,lost
ODI # 4066,07-Nov-18,Newzealad,5,Pakistan,Abu Dhabi,won,266,9,50,5.32,,1,47 runs,won
ODI # 4067,09-Nov-18,SouthAfrica,3,Australia,Adelaide,won,224,9,50,4.48,232,2,7 runs,lost
ODI # 4067,09-Nov-18,Australia,2,South Africa,Adelaide,lost,231,10,48.3,4.76,,1,7 runs,won
ODI # 4068,09-Nov-18,Pakistan,7,New Zealand,Abu Dhabi,lost,212,4,40.3,5.23,210,2,6 wickets,won
ODI # 4068,09-Nov-18,Newzealad,5,Pakistan,Abu Dhabi,won,209,9,50,4.18,,1,6 wickets,lost
ODI # 4069,11-Nov-18,SouthAfrica,3,Australia,Hobart,lost,320,5,50,6.4,,1,40 runs,won
ODI # 4069,11-Nov-18,Australia,2,South Africa,Hobart,won,280,9,50,5.6,321,2,40 runs,lost
ODI # 4071,09-Dec-18,WestIndies,4,Bangladesh,Dhaka,won,195,9,50,3.9,,1,5 wickets,lost
ODI # 4071,09-Dec-18,Bangladesh,25,West Indies,Dhaka,lost,196,5,35.1,5.57,196,2,5 wickets,won
ODI # 4072,11-Dec-18,WestIndies,4,Bangladesh,Dhaka,won,256,6,49.4,5.15,256,2,4 wickets,won
ODI # 4072,11-Dec-18,Bangladesh,25,West Indies,Dhaka,lost,255,7,50,5.1,,1,4 wickets,lost
ODI # 4073,14-Dec-18,WestIndies,4,Bangladesh,Sylhet,lost,198,9,50,3.96,,1,8 wickets,lost
ODI # 4073,14-Dec-18,Bangladesh,25,West Indies,Sylhet,won,202,2,38.3,5.24,199,2,8 wickets,won
ODI # 4074,03-Jan-19,SriLanka,8,New Zealand,Mount Maunganui,lost,326,10,49,6.65,372,2,45 runs,lost
ODI # 4074,03-Jan-19,Newzealad,5,Sri Lanka,Mount Maunganui,won,371,7,50,7.42,,1,45 runs,won
ODI # 4075,05-Jan-19,SriLanka,8,New Zealand,Mount Maunganui,lost,298,10,46.2,6.43,320,2,21 runs,lost
ODI # 4075,05-Jan-19,Newzealad,5,Sri Lanka,Mount Maunganui,won,319,7,50,6.38,,1,21 runs,won
ODI # 4076,08-Jan-19,SriLanka,8,New Zealand,Nelson,won,249,10,41.4,5.97,365,2,115 runs,lost
ODI # 4076,08-Jan-19,Newzealad,5,Sri Lanka,Nelson,lost,364,4,50,7.28,,1,115 runs,won
ODI # 4077,12-Jan-19,India,6,Australia,Sydney,lost,254,9,50,5.08,289,2,34 runs,lost
ODI # 4077,12-Jan-19,Australia,2,India,Sydney,won,288,5,50,5.76,,1,34 runs,won
ODI # 4078,15-Jan-19,India,6,Australia,Adelaide,lost,299,4,49.2,6.06,299,2,6 wickets,won
ODI # 4078,15-Jan-19,Australia,2,India,Adelaide,won,298,9,50,5.96,,1,6 wickets,lost
ODI # 4079,18-Jan-19,India,6,Australia,Melbourne,won,234,3,49.2,4.74,231,2,7 wickets,won
ODI # 4079,18-Jan-19,Australia,2,India,Melbourne,lost,230,10,48.4,4.72,,1,7 wickets,lost
ODI # 4080,19-Jan-19,SouthAfrica,3,Pakistan,Port Elizabeth,won,266,2,50,5.32,,1,5 wickets,lost
ODI # 4080,19-Jan-19,Pakistan,7,South Africa,Port Elizabeth,lost,267,5,49.1,5.43,267,2,5 wickets,won
ODI # 4081,22-Jan-19,SouthAfrica,3,Pakistan,Durban,won,207,5,42,4.92,204,2,5 wickets,won
ODI # 4081,22-Jan-19,Pakistan,7,South Africa,Durban,lost,203,10,45.5,4.42,,1,5 wickets,lost
ODI # 4082,23-Jan-19,Newzealad,5,India,Napier,won,157,10,38,4.13,,1,8 wickets,lost
ODI # 4082,23-Jan-19,India,6,New Zealand,Napier,lost,156,2,34.5,4.47,156,2,8 wickets,won
ODI # 4084,25-Jan-19,SouthAfrica,3,Pakistan,Centurion,lost,187,2,33,5.66,175,2,13 runs,won
ODI # 4084,25-Jan-19,Pakistan,7,South Africa,Centurion,won,317,6,50,6.34,,1,13 runs,lost
ODI # 4085,26-Jan-19,Newzealad,5,India,Mount Maunganui,lost,234,10,40.2,5.8,325,2,90 runs,lost
ODI # 4085,26-Jan-19,India,6,New Zealand,Mount Maunganui,won,324,4,50,6.48,,1,90 runs,won
ODI # 4087,27-Jan-19,SouthAfrica,3,Pakistan,Johannesburg,lost,164,10,41,4,,1,8 wickets,lost
ODI # 4087,27-Jan-19,Pakistan,7,South Africa,Johannesburg,won,168,2,31.3,5.33,165,2,8 wickets,won
ODI # 4088,28-Jan-19,Newzealad,5,India,Mount Maunganui,won,243,10,49,4.95,,1,7 wickets,lost
ODI # 4088,28-Jan-19,India,6,New Zealand,Mount Maunganui,lost,245,3,43,5.69,244,2,7 wickets,won
ODI # 4090,30-Jan-19,SouthAfrica,3,Pakistan,Cape Town,won,241,3,40,6.02,241,2,7 wickets,won
ODI # 4090,30-Jan-19,Pakistan,7,South Africa,Cape Town,lost,240,8,50,4.8,,1,7 wickets,lost
ODI # 4091,31-Jan-19,Newzealad,5,India,Hamilton,won,93,2,14.4,6.34,93,2,8 wickets,won
ODI # 4091,31-Jan-19,India,6,New Zealand,Hamilton,lost,92,10,30.5,2.98,,1,8 wickets,lost
ODI # 4092,03-Feb-19,Newzealad,5,India,Wellington,lost,217,10,44.1,4.91,253,2,35 runs,lost
ODI # 4092,03-Feb-19,India,6,New Zealand,Wellington,won,252,10,49.5,5.05,,1,35 runs,won
ODI # 4093,13-Feb-19,Newzealad,5,Bangladesh,Napier,lost,233,2,44.3,5.23,233,2,8 wickets,won
ODI # 4093,13-Feb-19,Bangladesh,25,New Zealand,Napier,won,232,10,48.5,4.75,,1,8 wickets,lost
ODI # 4094,16-Feb-19,Newzealad,5,Bangladesh,Christchurch,won,229,2,36.1,6.33,227,2,8 wickets,won
ODI # 4094,16-Feb-19,Bangladesh,25,New Zealand,Christchurch,lost,226,10,49.4,4.55,,1,8 wickets,lost
ODI # 4095,20-Feb-19,Newzealad,5,Bangladesh,Dunedin,lost,330,6,50,6.6,,1,88 runs,won
ODI # 4095,20-Feb-19,Bangladesh,25,New Zealand,Dunedin,won,242,10,47.2,5.11,331,2,88 runs,lost
ODI # 4096,20-Feb-19,WestIndies,4,England,Bridgetown,won,360,8,50,7.2,,1,6 wickets,lost
ODI # 4096,20-Feb-19,England,1,West Indies,Bridgetown,lost,364,4,48.4,7.47,361,2,6 wickets,won
ODI # 4097,22-Feb-19,WestIndies,4,England,Bridgetown,lost,289,6,50,5.78,,1,26 runs,won
ODI # 4097,22-Feb-19,England,1,West Indies,Bridgetown,won,263,10,47.4,5.51,290,2,26 runs,lost
ODI # 4099,27-Feb-19,WestIndies,4,England,St George's,won,389,10,48,8.1,419,2,29 runs,lost
ODI # 4099,27-Feb-19,England,1,West Indies,St George's,lost,418,6,50,8.36,,1,29 runs,won
ODI # 4102,02-Mar-19,India,6,Australia,Hyderabad (Deccan),lost,240,4,48.2,4.96,237,2,6 wickets,won
ODI # 4102,02-Mar-19,Australia,2,India,Hyderabad (Deccan),won,236,7,50,4.72,,1,6 wickets,lost
ODI # 4103,02-Mar-19,WestIndies,4,England,Gros Islet,won,115,3,12.1,9.45,114,2,7 wickets,won
ODI # 4103,02-Mar-19,England,1,West Indies,Gros Islet,lost,113,10,28.1,4.01,,1,7 wickets,lost
ODI # 4104,03-Mar-19,SriLanka,8,South Africa,Johannesburg,lost,231,10,47,4.91,,1,8 wickets,lost
ODI # 4104,03-Mar-19,SouthAfrica,3,Sri Lanka,Johannesburg,won,232,2,38.5,5.97,232,2,8 wickets,won
ODI # 4106,05-Mar-19,India,6,Australia,Nagpur,lost,250,10,48.2,5.17,,1,8 runs,won
ODI # 4106,05-Mar-19,Australia,2,India,Nagpur,won,242,10,49.3,4.88,251,2,8 runs,lost
ODI # 4107,06-Mar-19,SriLanka,8,South Africa,Centurion,won,138,10,32.2,4.26,252,2,113 runs,lost
ODI # 4107,06-Mar-19,SouthAfrica,3,Sri Lanka,Centurion,lost,251,10,45.1,5.55,,1,113 runs,won
ODI # 4109,08-Mar-19,India,6,Australia,Ranchi,won,281,10,48.2,5.81,314,2,32 runs,lost
ODI # 4109,08-Mar-19,Australia,2,India,Ranchi,lost,313,5,50,6.26,,1,32 runs,won
ODI # 4111,10-Mar-19,India,6,Australia,Mohali,won,358,9,50,7.16,,1,4 wickets,lost
ODI # 4111,10-Mar-19,Australia,2,India,Mohali,lost,359,6,47.5,7.5,359,2,4 wickets,won
ODI # 4112,10-Mar-19,SriLanka,8,South Africa,Durban,won,121,5,24,5.04,193,2,71 runs,lost
ODI # 4112,10-Mar-19,SouthAfrica,3,Sri Lanka,Durban,lost,331,5,50,6.62,,1,71 runs,won
ODI # 4113,13-Mar-19,India,6,Australia,Delhi,lost,237,10,50,4.74,273,2,35 runs,lost
ODI # 4113,13-Mar-19,Australia,2,India,Delhi,won,272,9,50,5.44,,1,35 runs,won
ODI # 4114,13-Mar-19,SriLanka,8,South Africa,Port Elizabeth,lost,189,10,39.2,4.8,,1,6 wickets,lost
ODI # 4114,13-Mar-19,SouthAfrica,3,Sri Lanka,Port Elizabeth,won,190,4,32.5,5.78,190,2,6 wickets,won
ODI # 4115,16-Mar-19,SriLanka,8,South Africa,Cape Town,won,225,10,49.3,4.54,,1,41 runs,lost
ODI # 4115,16-Mar-19,SouthAfrica,3,Sri Lanka,Cape Town,lost,135,2,28,4.82,95,2,41 runs,won
ODI # 4116,22-Mar-19,Pakistan,7,Australia,Sharjah,won,280,5,50,5.6,,1,8 wickets,lost
ODI # 4116,22-Mar-19,Australia,2,Pakistan,Sharjah,lost,281,2,49,5.73,281,2,8 wickets,won
ODI # 4117,24-Mar-19,Pakistan,7,Australia,Sharjah,won,284,7,50,5.68,,1,8 wickets,lost
ODI # 4117,24-Mar-19,Australia,2,Pakistan,Sharjah,lost,285,2,47.5,5.95,285,2,8 wickets,won
ODI # 4118,27-Mar-19,Pakistan,7,Australia,Abu Dhabi,lost,186,10,44.4,4.16,267,2,80 runs,lost
ODI # 4118,27-Mar-19,Australia,2,Pakistan,Abu Dhabi,won,266,6,50,5.32,,1,80 runs,won
ODI # 4119,29-Mar-19,Pakistan,7,Australia,Dubai (DSC),won,271,8,50,5.42,278,2,6 runs,lost
ODI # 4119,29-Mar-19,Australia,2,Pakistan,Dubai (DSC),lost,277,7,50,5.54,,1,6 runs,won
ODI # 4120,31-Mar-19,Pakistan,7,Australia,Dubai (DSC),won,307,7,50,6.14,328,2,20 runs,lost
ODI # 4120,31-Mar-19,Australia,2,Pakistan,Dubai (DSC),lost,327,7,50,6.54,,1,20 runs,won
ODI # 4129,07-May-19,WestIndies,4,Bangladesh,Dublin,won,261,9,50,5.22,,1,8 wickets,lost
ODI # 4129,07-May-19,Bangladesh,25,West Indies,Dublin,lost,264,2,45,5.86,262,2,8 wickets,won
ODI # 4133,11-May-19,Pakistan,7,England,Southampton,won,361,7,50,7.22,374,2,12 runs,lost
ODI # 4133,11-May-19,England,1,Pakistan,Southampton,lost,373,3,50,7.46,,1,12 runs,won
ODI # 4134,13-May-19,WestIndies,4,Bangladesh,Dublin (Malahide),won,247,9,50,4.94,,1,5 wickets,lost
ODI # 4134,13-May-19,Bangladesh,25,West Indies,Dublin (Malahide),lost,248,5,47.2,5.23,248,2,5 wickets,won
ODI # 4135,14-May-19,Pakistan,7,England,Bristol,lost,358,9,50,7.16,,1,6 wickets,lost
ODI # 4135,14-May-19,England,1,Pakistan,Bristol,won,359,4,44.5,8,359,2,6 wickets,won
ODI # 4137,17-May-19,WestIndies,4,Bangladesh,Dublin (Malahide),lost,152,1,24,6.33,,1,5 wickets,lost
ODI # 4137,17-May-19,Bangladesh,25,West Indies,Dublin (Malahide),won,213,5,22.5,9.32,210,2,5 wickets,won
ODI # 4138,17-May-19,Pakistan,7,England,Nottingham,lost,340,7,50,6.8,,1,3 wickets,lost
ODI # 4138,17-May-19,England,1,Pakistan,Nottingham,won,341,7,49.3,6.88,341,2,3 wickets,won